date,y10,y10_eom,y2,ff,y5,y30,be10,fwd5y5y,tips10,clev10,mich1,cpi,core_cpi,core_pce,unrate,payems,baa10y,vix,spx,wti,gold,usd,walcl,usrec
1947-01-01,,,,,,,,,,,,21.5,,,,43535.0,,,15.21,,34.71,,,0.0
1947-02-01,,,,,,,,,,,,21.5,,,,43557.0,,,15.8,,34.71,,,0.0
1947-03-01,,,,,,,,,,,,21.9,,,,43607.0,,,15.16,,34.71,,,0.0
1947-04-01,,,,,,,,,,,,21.9,,,,43499.0,,,14.6,,34.71,,,0.0
1947-05-01,,,,,,,,,,,,21.9,,,,43638.0,,,14.34,,34.71,,,0.0
1947-06-01,,,,,,,,,,,,22.0,,,,43810.0,,,14.84,,34.71,,,0.0
1947-07-01,,,,,,,,,,,,22.2,,,,43743.0,,,15.77,,34.71,,,0.0
1947-08-01,,,,,,,,,,,,22.5,,,,43960.0,,,15.46,,34.71,,,0.0
1947-09-01,,,,,,,,,,,,23.0,,,,44203.0,,,15.06,,34.71,,,0.0
1947-10-01,,,,,,,,,,,,23.0,,,,44411.0,,,15.45,,34.71,,,0.0
1947-11-01,,,,,,,,,,,,23.1,,,,44484.0,,,15.27,,34.71,,,0.0
1947-12-01,,,,,,,,,,,,23.4,,,,44581.0,,,15.03,,34.71,,,0.0
1948-01-01,,,,,,,,,,,,23.7,,,3.4,44679.0,,,14.83,,34.71,,,0.0
1948-02-01,,,,,,,,,,,,23.5,,,3.8,44533.0,,,14.1,,34.71,,,0.0
1948-03-01,,,,,,,,,,,,23.4,,,4.0,44683.0,,,14.3,,34.71,,,0.0
1948-04-01,,,,,,,,,,,,23.8,,,3.9,44379.0,,,15.4,,34.71,,,0.0
1948-05-01,,,,,,,,,,,,23.9,,,3.5,44796.0,,,16.15,,34.71,,,0.0
1948-06-01,,,,,,,,,,,,24.1,,,3.6,45034.0,,,16.82,,34.71,,,0.0
1948-07-01,,,,,,,,,,,,24.4,,,3.6,45160.0,,,16.42,,34.71,,,0.0
1948-08-01,,,,,,,,,,,,24.5,,,3.9,45178.0,,,15.94,,34.71,,,0.0
1948-09-01,,,,,,,,,,,,24.5,,,3.8,45294.0,,,15.76,,34.71,,,0.0
1948-10-01,,,,,,,,,,,,24.4,,,3.7,45245.0,,,16.19,,34.71,,,0.0
1948-11-01,,,,,,,,,,,,24.2,,,3.8,45192.0,,,15.29,,34.71,,,0.0
1948-12-01,,,,,,,,,,,,24.1,,,4.0,45032.0,,,15.19,,34.71,,,1.0
1949-01-01,,,,,,,,,,,,24.0,,,4.3,44668.0,,,15.36,,31.69,,,1.0
1949-02-01,,,,,,,,,,,,23.8,,,4.7,44497.0,,,14.77,,31.69,,,1.0
1949-03-01,,,,,,,,,,,,23.8,,,5.0,44240.0,,,14.91,,31.69,,,1.0
1949-04-01,,,,,,,,,,,,23.9,,,5.3,44236.0,,,14.89,,31.69,,,1.0
1949-05-01,,,,,,,,,,,,23.8,,,6.1,43984.0,,,14.78,,31.69,,,1.0
1949-06-01,,,,,,,,,,,,23.9,,,6.2,43739.0,,,13.97,,31.69,,,1.0
1949-07-01,,,,,,,,,,,,23.7,,,6.7,43531.0,,,14.76,,31.69,,,1.0
1949-08-01,,,,,,,,,,,,23.8,,,6.8,43624.0,,,15.29,,31.69,,,1.0
1949-09-01,,,,,,,,,,,,23.9,,,6.6,43780.0,,,15.49,,31.69,,,1.0
1949-10-01,,,,,,,,,,,,23.7,,,7.9,42942.0,,,15.89,,31.69,,,1.0
1949-11-01,,,,,,,,,,,,23.8,,,6.4,43242.0,,,16.11,,31.69,,,0.0
1949-12-01,,,,,,,,,,,,23.6,,,6.6,43522.0,,,16.54,,31.69,,,0.0
1950-01-01,,,,,,,,,,,,23.5,,,6.5,43526.0,,,16.88,,34.72,,,0.0
1950-02-01,,,,,,,,,,,,23.5,,,6.4,43297.0,,,17.21,,34.72,,,0.0
1950-03-01,,,,,,,,,,,,23.6,,,6.3,43954.0,,,17.35,,34.72,,,0.0
1950-04-01,,,,,,,,,,,,23.6,,,5.8,44382.0,,,17.84,,34.72,,,0.0
1950-05-01,,,,,,,,,,,,23.7,,,5.5,44718.0,,,18.44,,34.72,,,0.0
1950-06-01,,,,,,,,,,,,23.8,,,5.4,45083.0,,,18.74,,34.72,,,0.0
1950-07-01,,,,,,,,,,,,24.1,,,5.0,45454.0,,,17.38,,34.72,,,0.0
1950-08-01,,,,,,,,,,,,24.3,,,4.5,46192.0,,,18.43,,34.72,,,0.0
1950-09-01,,,,,,,,,,,,24.4,,,4.4,46438.0,,,19.08,,34.72,,,0.0
1950-10-01,,,,,,,,,,,,24.6,,,4.2,46706.0,,,19.87,,34.72,,,0.0
1950-11-01,,,,,,,,,,,,24.7,,,4.2,46776.0,,,19.83,,34.72,,,0.0
1950-12-01,,,,,,,,,,,,25.0,,,4.3,46861.0,,,19.75,,34.72,,,0.0
1951-01-01,,,,,,,,,,,,25.4,,,3.7,47288.0,,,21.21,,34.72,,,0.0
1951-02-01,,,,,,,,,,,,25.7,,,3.4,47577.0,,,22.0,,34.72,,,0.0
1951-03-01,,,,,,,,,,,,25.8,,,3.4,47873.0,,,21.63,,34.72,,,0.0
1951-04-01,,,,,,,,,,,,25.8,,,3.1,47861.0,,,21.92,,34.72,,,0.0
1951-05-01,,,,,,,,,,,,25.9,,,3.0,47952.0,,,21.93,,34.72,,,0.0
1951-06-01,,,,,,,,,,,,25.9,,,3.2,48064.0,,,21.55,,34.72,,,0.0
1951-07-01,,,,,,,,,,,,25.9,,,3.1,48061.0,,,21.93,,34.72,,,0.0
1951-08-01,,,,,,,,,,,,25.9,,,3.1,48012.0,,,22.89,,34.72,,,0.0
1951-09-01,,,,,,,,,,,,26.1,,,3.3,47954.0,,,23.48,,34.72,,,0.0
1951-10-01,,,,,,,,,,,,26.2,,,3.5,48006.0,,,23.36,,34.72,,,0.0
1951-11-01,,,,,,,,,,,,26.4,,,3.5,48147.0,,,22.71,,34.72,,,0.0
1951-12-01,,,,,,,,,,,,26.5,,,3.1,48314.0,,,23.41,,34.72,,,0.0
1952-01-01,,,,,,,,,,,,26.5,,,3.2,48296.0,,,24.19,,34.6,,,0.0
1952-02-01,,,,,,,,,,,,26.3,,,3.1,48522.0,,,23.75,,34.6,,,0.0
1952-03-01,,,,,,,,,,,,26.3,,,2.9,48504.0,,,23.81,,34.6,,,0.0
1952-04-01,,,,,,,,,,,,26.4,,,2.9,48620.0,,,23.74,,34.6,,,0.0
1952-05-01,,,,,,,,,,,,26.4,,,3.0,48642.0,,,23.73,,34.6,,,0.0
1952-06-01,,,,,,,,,,,,26.5,,,3.0,48282.0,,,24.38,,34.6,,,0.0
1952-07-01,,,,,,,,,,,,26.7,,,3.2,48143.0,,,25.08,,34.6,,,0.0
1952-08-01,,,,,,,,,,,,26.7,,,3.4,48924.0,,,25.18,,34.6,,,0.0
1952-09-01,,,,,,,,,,,,26.7,,,3.1,49320.0,,,24.78,,34.6,,,0.0
1952-10-01,,,,,,,,,,,,26.7,,,3.0,49597.0,,,24.26,,34.6,,,0.0
1952-11-01,,,,,,,,,,,,26.7,,,2.8,49816.0,,,25.03,,34.6,,,0.0
1952-12-01,,,,,,,,,,,,26.7,,,2.7,50166.0,,,26.04,,34.6,,,0.0
1953-01-01,,,,,,,,,,,,26.6,,,2.9,50144.0,,,26.18,,34.84,,,0.0
1953-02-01,,,,,,,,,,,,26.5,,,2.6,50339.0,,,25.86,,34.84,,,0.0
1953-03-01,,,,,,,,,,,,26.6,,,2.6,50473.0,,,25.99,,34.84,,,0.0
1953-04-01,2.83,,,,,,,,,,,26.6,,,2.7,50435.0,,,24.71,,34.84,,,0.0
1953-05-01,3.05,,,,,,,,,,,26.7,,,2.5,50490.0,,,24.84,,34.84,,,0.0
1953-06-01,3.11,,,,,,,,,,,26.8,,,2.5,50519.0,,,23.95,,34.84,,,0.0
1953-07-01,2.93,,,,,,,,,,,26.8,,,2.6,50536.0,,,24.29,,34.84,,,0.0
1953-08-01,2.95,,,,,,,,,,,26.9,,,2.7,50489.0,,,24.39,,34.84,,,1.0
1953-09-01,2.87,,,,,,,,,,,26.9,,,2.9,50368.0,,,23.27,,34.84,,,1.0
1953-10-01,2.66,,,,,,,,,,,27.0,,,3.1,50240.0,,,23.97,,34.84,,,1.0
1953-11-01,2.68,,,,,,,,,,,26.9,,,3.5,49908.0,,,24.5,,34.84,,,1.0
1953-12-01,2.59,,,,,,,,,,,26.9,,,4.5,49703.0,,,24.83,,34.84,,,1.0
1954-01-01,2.48,,,,,,,,,,,26.9,,,4.9,49469.0,,,25.46,,35.04,,,1.0
1954-02-01,2.47,,,,,,,,,,,26.9,,,5.2,49382.0,,,26.02,,35.04,,,1.0
1954-03-01,2.37,,,,,,,,,,,26.9,,,5.7,49157.0,,,26.57,,35.04,,,1.0
1954-04-01,2.29,,,,,,,,,,,26.8,,,5.9,49179.0,,,27.63,,35.04,,,1.0
1954-05-01,2.37,,,,,,,,,,,26.9,,,5.9,48965.0,,,28.73,,35.04,,,1.0
1954-06-01,2.38,,,,,,,,,,,26.9,,,5.6,48895.0,,,28.96,,35.04,,,0.0
1954-07-01,2.3,,,0.8,,,,,,,,26.9,,,5.8,48835.0,,,30.13,,35.04,,,0.0
1954-08-01,2.36,,,1.22,,,,,,,,26.9,,,6.0,48826.0,,,30.73,,35.04,,,0.0
1954-09-01,2.38,,,1.07,,,,,,,,26.8,,,6.1,48886.0,,,31.45,,35.04,,,0.0
1954-10-01,2.43,,,0.85,,,,,,,,26.8,,,5.7,48942.0,,,32.18,,35.04,,,0.0
1954-11-01,2.48,,,0.83,,,,,,,,26.8,,,5.3,49180.0,,,33.44,,35.04,,,0.0
1954-12-01,2.51,,,1.28,,,,,,,,26.7,,,5.0,49331.0,,,34.97,,35.04,,,0.0
1955-01-01,2.61,,,1.39,,,,,,,,26.7,,,4.9,49496.0,,,35.6,,35.03,,,0.0
1955-02-01,2.65,,,1.29,,,,,,,,26.7,,,4.7,49644.0,,,36.79,,35.03,,,0.0
1955-03-01,2.68,,,1.35,,,,,,,,26.7,,,4.6,49962.0,,,36.5,,35.03,,,0.0
1955-04-01,2.75,,,1.43,,,,,,,,26.7,,,4.7,50248.0,,,37.76,,35.03,,,0.0
1955-05-01,2.76,,,1.43,,,,,,,,26.7,,,4.3,50512.0,,,37.6,,35.03,,,0.0
1955-06-01,2.78,,,1.64,,,,,,,,26.7,,,4.2,50790.0,,,39.78,,35.03,,,0.0
1955-07-01,2.9,,,1.68,,,,,,,,26.8,,,4.0,50987.0,,,42.69,,35.03,,,0.0
1955-08-01,2.97,,,1.96,,,,,,,,26.8,,,4.2,51111.0,,,42.43,,35.03,,,0.0
1955-09-01,2.97,,,2.18,,,,,,,,26.9,,,4.1,51266.0,,,44.34,,35.03,,,0.0
1955-10-01,2.88,,,2.24,,,,,,,,26.9,,,4.3,51429.0,,,42.11,,35.03,,,0.0
1955-11-01,2.89,,,2.35,,,,,,,,26.9,,,4.2,51592.0,,,44.95,,35.03,,,0.0
1955-12-01,2.96,,,2.48,,,,,,,,26.8,,,4.2,51805.0,,,45.37,,35.03,,,0.0
1956-01-01,2.9,,,2.45,,,,,,,,26.8,,,4.0,51975.0,,,44.15,,34.99,,,0.0
1956-02-01,2.84,,,2.5,,,,,,,,26.8,,,3.9,52167.0,,,44.43,,34.99,,,0.0
1956-03-01,2.96,,,2.5,,,,,,,,26.8,,,4.2,52294.0,,,47.49,,34.99,,,0.0
1956-04-01,3.18,,,2.62,,,,,,,,26.9,,,4.0,52375.0,,,48.05,,34.99,,,0.0
1956-05-01,3.07,,,2.75,,,,,,,,27.0,,,4.3,52506.0,,,46.54,,34.99,,,0.0
1956-06-01,3.0,,,2.71,,,,,,,,27.2,,,4.3,52586.0,,,46.27,,34.99,,,0.0
1956-07-01,3.11,,,2.75,,,,,,,,27.4,,,4.4,51955.0,,,48.78,,34.99,,,0.0
1956-08-01,3.33,,,2.73,,,,,,,,27.3,,,4.1,52631.0,,,48.49,,34.99,,,0.0
1956-09-01,3.38,,,2.95,,,,,,,,27.4,,,3.9,52604.0,,,46.84,,34.99,,,0.0
1956-10-01,3.34,,,2.96,,,,,,,,27.5,,,3.9,52777.0,,,46.24,,34.99,,,0.0
1956-11-01,3.49,,,2.88,,,,,,,,27.5,,,4.3,52821.0,,,45.76,,34.99,,,0.0
1956-12-01,3.59,,,2.94,,,,,,,,27.6,,,4.2,52929.0,,,46.44,,34.99,,,0.0
1957-01-01,3.46,,,2.84,,,,,,,,27.6,28.5,,4.2,52887.0,,,45.43,,34.95,,,0.0
1957-02-01,3.34,,,3.0,,,,,,,,27.7,28.6,,3.9,53097.0,,,43.47,,34.95,,,0.0
1957-03-01,3.41,,,2.96,,,,,,,,27.8,28.7,,3.7,53156.0,,,44.03,,34.95,,,0.0
1957-04-01,3.48,,,3.0,,,,,,,,27.9,28.8,,3.9,53238.0,,,45.05,,34.95,,,0.0
1957-05-01,3.6,,,3.0,,,,,,,,28.0,28.8,,4.1,53150.0,,,46.78,,34.95,,,0.0
1957-06-01,3.8,,,3.0,,,,,,,,28.1,28.9,,4.3,53067.0,,,47.55,,34.95,,,0.0
1957-07-01,3.93,,,2.99,,,,,,,,28.3,29.0,,4.2,53123.0,,,48.51,,34.95,,,0.0
1957-08-01,3.93,,,3.24,,,,,,,,28.3,29.0,,4.1,53128.0,,,45.84,,34.95,,,0.0
1957-09-01,3.92,,,3.47,,,,,,,,28.3,29.1,,4.4,52934.0,,,43.98,,34.95,,,1.0
1957-10-01,3.97,,,3.5,,,,,,,,28.3,29.2,,4.5,52763.0,,,41.24,,34.95,,,1.0
1957-11-01,3.72,,,3.28,,,,,,,,28.4,29.3,,5.1,52558.0,,,40.35,,34.95,,,1.0
1957-12-01,3.21,,,2.98,,,,,,,,28.4,29.3,,5.2,52384.0,,,40.33,,34.95,,,1.0
1958-01-01,3.09,,,2.72,,,,,,,,28.6,29.3,,5.8,52076.0,,,41.12,,35.1,,,1.0
1958-02-01,3.05,,,1.67,,,,,,,,28.6,29.4,,6.4,51576.0,,,41.26,,35.1,,,1.0
1958-03-01,2.98,,,1.2,,,,,,,,28.8,29.5,,6.7,51299.0,,,42.11,,35.1,,,1.0
1958-04-01,2.88,,,1.26,,,,,,,,28.9,29.5,,7.4,51027.0,,,42.34,,35.1,,,1.0
1958-05-01,2.92,,,0.63,,,,,,,,28.9,29.5,,7.4,50914.0,,,43.7,,35.1,,,0.0
1958-06-01,2.97,,,0.93,,,,,,,,28.9,29.6,,7.3,50914.0,,,44.75,,35.1,,,0.0
1958-07-01,3.2,,,0.68,,,,,,,,29.0,29.6,,7.5,51039.0,,,45.98,,35.1,,,0.0
1958-08-01,3.54,,,1.53,,,,,,,,28.9,29.6,,7.4,51233.0,,,47.7,,35.1,,,0.0
1958-09-01,3.76,,,1.76,,,,,,,,28.9,29.7,,7.1,51506.0,,,48.96,,35.1,,,0.0
1958-10-01,3.8,,,1.8,,,,,,,,28.9,29.7,,6.7,51485.0,,,50.95,,35.1,,,0.0
1958-11-01,3.74,,,2.27,,,,,,,,29.0,29.8,,6.2,51944.0,,,52.5,,35.1,,,0.0
1958-12-01,3.86,,,2.42,,,,,,,,28.9,29.9,,6.2,52085.0,,,53.49,,35.1,,,0.0
1959-01-01,4.02,,,2.48,,,,,,,,29.0,29.9,15.501,6.0,52478.0,,,55.62,,35.1,,,0.0
1959-02-01,3.96,,,2.43,,,,,,,,28.9,29.9,15.513,5.9,52688.0,,,54.77,,35.1,,,0.0
1959-03-01,3.99,,,2.8,,,,,,,,28.9,30.0,15.531,5.6,53014.0,,,56.16,,35.1,,,0.0
1959-04-01,4.12,,,2.96,,,,,,,,29.0,30.0,15.57,5.2,53321.0,,,57.1,,35.1,,,0.0
1959-05-01,4.31,,,2.9,,,,,,,,29.0,30.1,15.589,5.1,53550.0,,,57.96,,35.1,,,0.0
1959-06-01,4.34,,,3.39,,,,,,,,29.1,30.2,15.635,5.0,53681.0,,,57.46,,35.1,,,0.0
1959-07-01,4.4,,,3.47,,,,,,,,29.2,30.2,15.672,5.1,53804.0,,,59.74,,35.1,,,0.0
1959-08-01,4.43,,,3.5,,,,,,,,29.2,30.2,15.697,5.2,53336.0,,,59.4,,35.1,,,0.0
1959-09-01,4.68,,,3.76,,,,,,,,29.3,30.3,15.738,5.5,53428.0,,,57.05,,35.1,,,0.0
1959-10-01,4.53,,,3.98,,,,,,,,29.4,30.4,15.765,5.7,53358.0,,,57.0,,35.1,,,0.0
1959-11-01,4.53,,,4.0,,,,,,,,29.4,30.4,15.794,5.8,53634.0,,,57.23,,35.1,,,0.0
1959-12-01,4.69,,,3.99,,,,,,,,29.4,30.5,15.818,5.3,54174.0,,,59.06,,35.1,,,0.0
1960-01-01,4.72,,,3.99,,,,,,,,29.3,30.5,15.822,5.2,54274.0,,,58.03,,35.27,,,0.0
1960-02-01,4.49,,,3.97,,,,,,,,29.4,30.6,15.852,4.8,54513.0,,,55.78,,35.0,,,0.0
1960-03-01,4.25,,,3.84,,,,,,,,29.4,30.6,15.853,5.4,54454.0,,,55.02,,35.0,,,0.0
1960-04-01,4.28,,,3.92,,,,,,,,29.5,30.6,15.882,5.2,54813.0,,,55.73,,35.27,,,0.0
1960-05-01,4.35,,,3.85,,,,,,,,29.5,30.6,15.908,5.1,54475.0,,,55.22,,35.27,,,1.0
1960-06-01,4.15,,,3.32,,,,,,,,29.6,30.7,15.917,5.4,54348.0,,,57.26,,35.0,,,1.0
1960-07-01,3.9,,,3.23,,,,,,,,29.6,30.6,15.945,5.5,54306.0,,,55.84,,35.27,,,1.0
1960-08-01,3.8,,,2.98,,,,,,,,29.6,30.6,15.968,5.6,54272.0,,,56.51,,35.27,,,1.0
1960-09-01,3.8,,,2.6,,,,,,,,29.6,30.6,15.981,5.5,54227.0,,,54.81,,35.27,,,1.0
1960-10-01,3.89,,,2.47,,,,,,,,29.8,30.8,15.99,6.1,54142.0,,,53.73,,35.27,,,1.0
1960-11-01,3.93,,,2.44,,,,,,,,29.8,30.8,16.033,6.1,53961.0,,,55.47,,35.27,,,1.0
1960-12-01,3.84,,,1.98,,,,,,,,29.8,30.7,16.028,6.6,53742.0,,,56.8,,35.0,,,1.0
1961-01-01,3.84,,,1.45,,,,,,,,29.8,30.8,16.032,6.6,53683.0,,,59.72,,35.25,,,1.0
1961-02-01,3.78,,,2.54,,,,,,,,29.8,30.8,16.048,6.9,53557.0,,,62.17,,35.0,,,1.0
1961-03-01,3.74,,,2.02,,,,,,,,29.8,30.9,16.053,6.9,53659.0,,,64.12,,35.0,,,0.0
1961-04-01,3.78,,,1.49,,,,,,,,29.8,30.9,16.075,7.0,53627.0,,,65.83,,35.0,,,0.0
1961-05-01,3.71,,,1.98,,,,,,,,29.8,30.9,16.096,7.1,53786.0,,,66.5,,35.0,,,0.0
1961-06-01,3.88,,,1.73,,,,,,,,29.8,31.0,16.12,6.9,53977.0,,,65.62,,35.0,,,0.0
1961-07-01,3.92,,,1.17,,,,,,,,30.0,31.0,16.145,7.0,54123.0,,,65.44,,35.0,,,0.0
1961-08-01,4.04,,,2.0,,,,,,,,29.9,31.1,16.162,6.6,54298.0,,,67.79,,35.25,,,0.0
1961-09-01,3.98,,,1.88,,,,,,,,30.0,31.1,16.194,6.7,54388.0,,,67.26,,35.0,,,0.0
1961-10-01,3.92,,,2.26,,,,,,,,30.0,31.1,16.199,6.5,54522.0,,,68.0,,35.25,,,0.0
1961-11-01,3.94,,,2.61,,,,,,,,30.0,31.2,16.202,6.1,54742.0,,,71.08,,35.0,,,0.0
1961-12-01,4.06,,,2.33,,,,,,,,30.0,31.2,16.216,6.0,54872.0,,,71.74,,35.0,,,0.0
1962-01-01,4.08,4.1,,2.15,3.938636,,,,,,,30.0,31.2,16.235,5.8,54891.0,,,69.07,,35.0,,,0.0
1962-02-01,4.04,4.0,,2.37,3.892778,,,,,,,30.1,31.2,16.262,5.5,55188.0,,,70.22,,35.0,,,0.0
1962-03-01,3.93,3.86,,2.85,3.684545,,,,,,,30.1,31.3,16.3,5.6,55275.0,,,70.29,,35.0,,,0.0
1962-04-01,3.84,3.86,,2.78,3.5995,,,,,,,30.2,31.3,16.303,5.6,55602.0,,,68.05,,35.23,,,0.0
1962-05-01,3.87,3.9,,2.36,3.656364,,,,,,,30.2,31.4,16.326,5.5,55628.0,,,62.99,,35.0,,,0.0
1962-06-01,3.91,4.0,,2.68,3.635714,,,,,,,30.2,31.4,16.356,5.5,55644.0,,,55.63,,35.0,,,0.0
1962-07-01,4.01,4.04,,2.71,3.803333,,,,,,,30.3,31.4,16.37,5.4,55746.0,,,56.97,,35.0,,,0.0
1962-08-01,3.98,3.96,,2.93,3.712174,,,,,,,30.3,31.5,16.372,5.7,55838.0,,,58.52,,35.0,,,0.0
1962-09-01,3.98,3.94,,2.9,3.701579,,,,,,,30.4,31.5,16.404,5.6,55978.0,,,58.0,,35.23,,,0.0
1962-10-01,3.93,3.92,,2.9,3.635,,,,,,,30.4,31.5,16.403,5.4,56041.0,,,56.17,,35.0,,,0.0
1962-11-01,3.92,3.92,,2.94,3.599474,,,,,,,30.4,31.5,16.415,5.7,56056.0,,,60.04,,35.0,,,0.0
1962-12-01,3.86,3.85,,2.93,3.561,,,,,,,30.4,31.6,16.42,5.5,56028.0,,,62.64,,35.23,,,0.0
1963-01-01,3.83,3.87,,2.92,3.578636,,,,,,,30.4,31.5,16.451,5.7,56115.0,,,65.06,,35.0,,,0.0
1963-02-01,3.92,3.94,,3.0,3.66,,,,,,,30.4,31.6,16.47,5.9,56230.0,,,65.92,,35.0,,,0.0
1963-03-01,3.93,3.95,,2.98,3.68381,,,,,,,30.5,31.7,16.48,5.7,56320.0,,,65.67,,35.0,,,0.0
1963-04-01,3.97,3.95,,2.9,3.738095,,,,,,,30.5,31.7,16.5,5.7,56580.0,,,68.76,,35.0,,,0.0
1963-05-01,3.93,3.96,,3.0,3.715909,,,,,,,30.5,31.7,16.53,5.9,56616.0,,,70.14,,35.0,,,0.0
1963-06-01,3.99,4.0,,2.99,3.814,,,,,,,30.6,31.8,16.558,5.6,56659.0,,,70.11,,35.0,,,0.0
1963-07-01,4.02,4.0,,3.02,3.892273,,,,,,,30.7,31.8,16.573,5.6,56794.0,,,69.07,,35.0,,,0.0
1963-08-01,4.0,4.02,,3.49,3.888636,,,,,,,30.7,31.9,16.588,5.4,56910.0,,,70.98,,35.0,,,0.0
1963-09-01,4.08,4.07,,3.48,3.956,,,,,,,30.7,31.9,16.618,5.5,57078.0,,,72.85,,35.0,,,0.0
1963-10-01,4.11,4.15,,3.5,3.969565,,,,,,,30.8,32.0,16.655,5.5,57283.0,,,73.03,,35.0,,,0.0
1963-11-01,4.12,4.08,,3.48,4.012353,,,,,,,30.8,32.0,16.67,5.7,57255.0,,,72.62,,35.0,,,0.0
1963-12-01,4.13,4.14,,3.38,4.042857,,,,,,,30.9,32.1,16.694,5.5,57361.0,,,74.17,,35.0,,,0.0
1964-01-01,4.17,4.15,,3.48,4.068636,,,,,,,30.9,32.2,16.717,5.6,57487.0,,,76.45,,35.0,,,0.0
1964-02-01,4.15,4.18,,3.48,4.034444,,,,,,,30.9,32.2,16.749,5.4,57753.0,,,77.39,,35.0,,,0.0
1964-03-01,4.22,4.23,,3.43,4.138571,,,,,,,30.9,32.2,16.765,5.4,57897.0,,,78.8,,35.0,,,0.0
1964-04-01,4.23,4.22,,3.47,4.154545,,,,,,,30.9,32.2,16.78,5.3,57922.0,,,79.94,,35.0,,,0.0
1964-05-01,4.2,4.19,,3.5,4.0495,,,,,,,30.9,32.2,16.794,5.1,58089.0,,,80.72,,35.1,,,0.0
1964-06-01,4.17,4.15,,3.5,4.018636,,,,,,,31.0,32.3,16.806,5.2,58219.0,,,80.24,,35.1,,,0.0
1964-07-01,4.19,4.19,,3.42,4.026818,,,,,,,31.1,32.3,16.823,4.9,58412.0,,,83.22,,35.0,,,0.0
1964-08-01,4.19,4.21,,3.5,4.054286,,,,,,,31.0,32.3,16.845,5.0,58619.0,,,82.0,,35.0,,,0.0
1964-09-01,4.2,4.18,,3.45,4.07619,,,,,,,31.1,32.3,16.852,5.1,58903.0,,,83.41,,35.0,,,0.0
1964-10-01,4.19,4.16,,3.36,4.069524,,,,,,,31.1,32.4,16.859,5.1,58793.0,,,84.85,,35.0,,,0.0
1964-11-01,4.15,4.2,,3.52,4.041667,,,,,,,31.2,32.5,16.883,4.8,59218.0,,,85.44,,35.0,,,0.0
1964-12-01,4.18,4.21,,3.85,4.086364,,,,,,,31.2,32.5,16.907,5.0,59421.0,,,83.96,,35.1,,,0.0
1965-01-01,4.19,4.19,,3.9,4.1025,,,,,,,31.2,32.6,16.93,4.9,59582.0,,,86.12,,35.0,,,0.0
1965-02-01,4.21,4.22,,3.98,4.146667,,,,,,,31.2,32.6,16.95,5.1,59800.0,,,86.75,,35.0,,,0.0
1965-03-01,4.21,4.2,,4.05,4.149565,,,,,,,31.3,32.6,16.96,4.7,60003.0,,,86.83,,35.0,,,0.0
1965-04-01,4.2,4.21,,4.09,4.151429,,,,,,,31.4,32.7,16.98,4.8,60259.0,,,87.97,,35.0,,,0.0
1965-05-01,4.21,4.23,,4.1,4.1485,,,,,,,31.4,32.7,17.011,4.6,60491.0,,,89.28,,35.0,,,0.0
1965-06-01,4.21,4.2,,4.05,4.148182,,,,,,,31.6,32.7,17.007,4.6,60690.0,,,85.04,,35.0,,,0.0
1965-07-01,4.2,4.22,,4.09,4.150952,,,,,,,31.6,32.7,17.024,4.4,60965.0,,,84.91,,35.12,,,0.0
1965-08-01,4.25,4.27,,4.12,4.203182,,,,,,,31.6,32.7,17.056,4.4,61228.0,,,86.49,,35.0,,,0.0
1965-09-01,4.29,4.35,,4.02,4.250952,,,,,,,31.6,32.8,17.076,4.3,61490.0,,,89.38,,35.0,,,0.0
1965-10-01,4.35,4.41,,4.08,4.3395,,,,,,,31.7,32.8,17.07,4.2,61719.0,,,91.39,,35.0,,,0.0
1965-11-01,4.45,4.48,,4.1,4.461053,,,,,,,31.7,32.9,17.102,4.1,61996.0,,,92.15,,35.0,,,0.0
1965-12-01,4.62,4.65,,4.32,4.720455,,,,,,,31.8,33.0,17.154,4.0,62322.0,,,91.73,,35.0,,,0.0
1966-01-01,4.61,4.69,,4.42,4.861429,,,,,,,31.8,33.0,17.159,4.0,62529.0,,,93.32,,35.0,,,0.0
1966-02-01,4.83,5.02,,4.6,4.984211,,,,,,,32.0,33.1,17.201,3.8,62796.0,,,92.69,,35.0,,,0.0
1966-03-01,4.87,4.71,,4.66,4.920435,,,,,,,32.1,33.1,17.223,3.8,63192.0,,,88.88,,35.0,,,0.0
1966-04-01,4.75,4.79,,4.67,4.831,,,,,,,32.3,33.3,17.285,3.8,63437.0,,,91.6,,35.0,,,0.0
1966-05-01,4.78,4.8,,4.9,4.885714,,,,,,,32.3,33.4,17.331,3.9,63712.0,,,86.78,,35.0,,,0.0
1966-06-01,4.81,4.97,,5.17,4.972273,,,,,,,32.4,33.5,17.387,3.8,64111.0,,,86.06,,35.0,,,0.0
1966-07-01,5.02,5.05,,5.3,5.1695,,,,,,,32.5,33.6,17.438,3.8,64301.0,,,85.84,,35.0,,,0.0
1966-08-01,5.22,5.36,,5.53,5.503478,,,,,,,32.7,33.7,17.47,3.8,64507.0,,,80.65,,35.0,,,0.0
1966-09-01,5.18,5.02,,5.4,5.495714,,,,,,,32.7,33.8,17.524,3.7,64643.0,,,77.81,,35.0,,,0.0
1966-10-01,5.01,4.97,,5.53,5.2675,,,,,,,32.9,34.0,17.581,3.7,64854.0,,,77.13,,35.0,,,0.0
1966-11-01,5.16,5.12,,5.76,5.363684,,,,,,,32.9,34.0,17.625,3.6,65019.0,,,80.99,,35.0,,,0.0
1966-12-01,4.84,4.64,,5.4,5.00381,,,,,,,32.9,34.1,17.679,3.8,65199.0,,,81.33,,35.0,,,0.0
1967-01-01,4.58,4.52,,4.94,4.70381,,,,,,,32.9,34.2,17.695,3.9,65407.0,,,84.45,,35.0,,,0.0
1967-02-01,4.63,4.72,,5.0,4.736667,,,,,,,32.9,34.2,17.727,3.8,65429.0,,,87.36,,35.0,,,0.0
1967-03-01,4.54,4.5,,4.53,4.537727,,,,,,,33.0,34.3,17.754,3.8,65530.0,,,89.42,,35.0,,,0.0
1967-04-01,4.59,4.78,,4.05,4.506,,,,,,,33.1,34.4,17.803,3.8,65466.0,,,90.96,,35.0,,,0.0
1967-05-01,4.85,4.81,,3.94,4.748182,,,,,,,33.2,34.5,17.842,3.8,65620.0,,,92.59,,35.0,,,0.0
1967-06-01,5.02,5.22,,3.98,5.013182,,,,,,,33.3,34.6,17.887,3.9,65750.0,,,91.43,,35.0,,,0.0
1967-07-01,5.16,5.16,,3.79,5.225,,,,,,,33.4,34.7,17.948,3.8,65888.0,,,93.01,,35.0,,,0.0
1967-08-01,5.28,5.27,,3.9,5.312174,,,,,,,33.5,34.9,18.003,3.8,66143.0,,,94.49,,35.0,,,0.0
1967-09-01,5.3,5.31,,3.99,5.3985,,,,,,,33.6,35.0,18.067,3.8,66164.0,,,95.81,,35.0,,,0.0
1967-10-01,5.48,5.64,,3.88,5.567143,,,,,,,33.7,35.1,18.134,4.0,66225.0,,,95.66,,35.0,,,0.0
1967-11-01,5.75,5.74,,4.13,5.775,,,,,,,33.8,35.2,18.192,3.9,66703.0,,,92.66,,35.0,,,0.0
1967-12-01,5.7,5.7,,4.51,5.7545,,,,,,,33.9,35.4,18.237,3.8,66900.0,,,95.3,,35.0,,,0.0
1968-01-01,5.53,5.54,,4.61,5.536364,,,,,,,34.1,35.5,18.318,3.7,66804.0,,,95.04,,36.0,,,0.0
1968-02-01,5.56,5.56,,4.71,5.586316,,,,,,,34.2,35.7,18.397,3.8,67215.0,,,90.75,,36.0,,,0.0
1968-03-01,5.74,5.76,,5.05,5.757143,,,,,,,34.3,35.8,18.47,3.7,67295.0,,,89.09,,37.0,,,0.0
1968-04-01,5.64,5.74,,5.76,5.6945,,,,,,,34.4,35.9,18.538,3.5,67556.0,,,95.67,,38.0,,,0.0
1968-05-01,5.87,5.86,,6.12,6.037727,,,,,,,34.5,36.0,18.608,3.5,67652.0,,,97.87,,41.0,,,0.0
1968-06-01,5.72,5.64,,6.07,5.8465,,,,,,,34.7,36.2,18.681,3.7,67905.0,,,100.5,,41.0,,,0.0
1968-07-01,5.5,5.39,,6.03,5.598636,,,,,,,34.9,36.4,18.743,3.7,68126.0,,,100.3,,39.0,,,0.0
1968-08-01,5.42,5.42,,6.03,5.495,,,,,,,35.0,36.5,18.816,3.5,68330.0,,,98.11,,39.0,,,0.0
1968-09-01,5.46,5.49,,5.78,5.476,,,,,,,35.1,36.7,18.892,3.4,68484.0,,,101.3,,40.18,,,0.0
1968-10-01,5.58,5.61,,5.91,5.553478,,,,,,,35.3,36.9,18.969,3.4,68721.0,,,103.8,,39.0,,,0.0
1968-11-01,5.7,5.78,,5.82,5.658889,,,,,,,35.4,37.1,19.041,3.4,68984.0,,,105.4,,40.0,,,0.0
1968-12-01,6.03,6.16,,6.02,6.117143,,,,,,,35.5,37.2,19.098,3.4,69248.0,,,106.5,,41.0,,,0.0
1969-01-01,6.04,6.19,,6.3,6.25,,,,,,,35.6,37.3,19.17,3.4,69439.0,,,102.0,,42.0,,,0.0
1969-02-01,6.19,6.26,,6.61,6.341579,,,,,,,35.8,37.6,19.236,3.4,69699.0,,,101.5,,43.0,,,0.0
1969-03-01,6.3,6.3,,6.79,6.4105,,,,,,,36.1,37.8,19.326,3.4,69905.0,,,99.3,,43.0,,,0.0
1969-04-01,6.17,6.2,,7.41,6.29619,,,,,,,36.3,38.1,19.4,3.4,70072.0,,,101.3,,43.0,,,0.0
1969-05-01,6.32,6.56,,8.67,6.535238,,,,,,,36.4,38.1,19.478,3.4,70328.0,,,104.6,,43.0,,,0.0
1969-06-01,6.57,6.73,,8.9,6.746667,,,,,,,36.6,38.3,19.545,3.5,70636.0,,,99.14,,41.0,,,0.0
1969-07-01,6.72,6.66,,8.61,7.013333,,,,,,,36.8,38.5,19.636,3.5,70729.0,,,94.71,,42.0,,,0.0
1969-08-01,6.69,6.83,,9.19,7.025238,,,,,,,37.0,38.7,19.691,3.5,71008.0,,,94.18,,41.0,,,0.0
1969-09-01,7.16,7.51,,9.15,7.567143,,,,,,,37.1,38.9,19.77,3.7,70914.0,,,94.51,,41.0,,,0.0
1969-10-01,7.1,6.94,,9.0,7.505455,,,,,,,37.3,39.1,19.855,3.7,71121.0,,,95.52,,40.0,,,0.0
1969-11-01,7.14,7.29,,8.85,7.526471,,,,,,,37.5,39.2,19.931,3.5,71086.0,,,96.21,,37.0,,,0.0
1969-12-01,7.65,7.88,,8.97,7.960455,,,,,,,37.7,39.4,20.005,3.5,71241.0,,,91.11,,35.0,,,0.0
1970-01-01,7.79,7.75,,8.98,8.165714,,,,,,,37.8,39.6,20.071,3.9,71176.0,,,90.31,,35.0,,,1.0
1970-02-01,7.24,6.9,,8.98,7.824444,,,,,,,38.0,39.8,20.148,4.2,71305.0,,,87.16,,35.0,,,1.0
1970-03-01,7.07,7.08,,7.76,7.21,,,,,,,38.2,40.1,20.223,4.4,71451.0,,,88.65,,35.0,,,1.0
1970-04-01,7.39,7.82,,8.1,7.501364,,,,,,,38.5,40.4,20.303,4.6,71348.0,,,85.95,,36.0,,,1.0
1970-05-01,7.91,7.95,,7.95,7.969048,,,,,,,38.6,40.5,20.375,4.8,71124.0,,,76.06,,36.0,,,1.0
1970-06-01,7.84,7.68,,7.61,7.853636,,,,,,,38.8,40.8,20.448,4.9,71029.0,,,75.59,,35.0,,,1.0
1970-07-01,7.46,7.38,,7.21,7.589545,,,,,,,39.0,40.9,20.526,5.0,71053.0,,,75.72,,35.0,,,1.0
1970-08-01,7.53,7.49,,6.62,7.572381,,,,,,,39.0,41.1,20.597,5.1,70937.0,,,77.92,,35.0,,,1.0
1970-09-01,7.39,7.29,,6.29,7.294762,,,,,,,39.2,41.3,20.683,5.4,70944.0,,,82.58,,36.0,,,1.0
1970-10-01,7.33,7.33,,6.2,7.115238,,,,,,,39.4,41.5,20.785,5.5,70521.0,,,84.37,,38.0,,,1.0
1970-11-01,6.84,6.49,,5.6,6.468333,,,,,,,39.6,41.8,20.892,5.9,70409.0,,,84.28,,37.0,,,1.0
1970-12-01,6.39,6.5,,4.9,5.950909,,,,,,,39.8,42.0,20.997,6.1,70792.0,,,90.05,,37.0,,,0.0
1971-01-01,6.24,6.09,,4.14,5.888,,,,,,,39.8,42.1,21.08,5.9,70865.0,,,93.49,,38.0,100.0,,0.0
1971-02-01,6.11,6.14,,3.72,5.562222,,,,,,,39.9,42.2,21.16,5.9,70807.0,,,97.11,,39.0,99.723154,,0.0
1971-03-01,5.7,5.53,,3.71,5.003913,,,,,,,40.0,42.2,21.228,6.0,70860.0,,,99.6,,39.0,99.683474,,0.0
1971-04-01,5.83,6.08,,4.16,5.652381,,,,,,,40.1,42.4,21.307,5.9,71036.0,,,103.0,,39.0,99.758404,,0.0
1971-05-01,6.39,6.38,,4.63,6.282,,,,,,,40.3,42.6,21.4,5.9,71247.0,,,101.6,,41.0,98.744281,,0.0
1971-06-01,6.52,6.7,,4.91,6.529545,,,,,,,40.6,42.8,21.485,5.9,71254.0,,,99.72,,40.0,98.630856,,0.0
1971-07-01,6.73,6.85,,5.31,6.85,,,,,,,40.7,42.9,21.567,6.0,71315.0,,,99.0,,41.0,98.292831,,0.0
1971-08-01,6.58,6.28,,5.57,6.549545,,,,,,,40.8,43.0,21.597,6.1,71373.0,,,97.24,,43.0,97.122275,,0.0
1971-09-01,6.14,6.0,,5.55,6.137143,,,,,,,40.8,43.0,21.633,6.0,71614.0,,,99.4,,42.0,95.589509,,0.0
1971-10-01,5.93,5.87,,5.2,5.925789,,,,,,,40.9,43.1,21.667,5.8,71642.0,,,97.29,,43.0,94.644228,,0.0
1971-11-01,5.81,5.93,,4.91,5.781,,,,,,,40.9,43.2,21.716,6.0,71847.0,,,92.78,,43.0,94.594834,,0.0
1971-12-01,5.93,5.89,,4.14,5.689545,,,,,,,41.1,43.3,21.784,6.0,72109.0,,,99.17,,43.0,93.168759,,0.0
1972-01-01,5.95,6.09,,3.51,5.593333,,,,,,,41.1,43.5,21.877,5.8,72441.0,,,103.3,,46.0,92.419185,,0.0
1972-02-01,6.08,6.04,,3.3,5.6915,,,,,,,41.3,43.6,21.936,5.7,72648.0,,,105.2,,48.0,91.430951,,0.0
1972-03-01,6.07,6.12,,3.83,5.870455,,,,,,,41.4,43.6,21.979,5.8,72944.0,,,107.7,,48.0,90.96948,,0.0
1972-04-01,6.19,6.14,,4.17,6.1705,,,,,,,41.5,43.8,22.03,5.7,73162.0,,,108.8,,49.0,90.993962,,0.0
1972-05-01,6.13,6.05,,4.27,5.852727,,,,,,,41.6,43.9,22.081,5.7,73469.0,,,107.7,,55.0,90.851407,,0.0
1972-06-01,6.11,6.15,,4.46,5.906818,,,,,,,41.7,44.0,22.126,5.7,73758.0,,,108.0,,62.0,90.500967,,0.0
1972-07-01,6.11,6.12,,4.55,5.972,,,,,,,41.9,44.1,22.189,5.6,73709.0,,,107.2,,66.0,90.94928,,0.0
1972-08-01,6.21,6.42,,4.81,6.018696,,,,,,,42.0,44.3,22.236,5.6,74141.0,,,111.0,,67.0,91.185133,,0.0
1972-09-01,6.55,6.54,,4.87,6.2505,,,,,,,42.1,44.3,22.31,5.5,74264.0,,,109.4,,65.0,91.320133,,0.0
1972-10-01,6.48,6.41,,5.05,6.182,,,,,,,42.3,44.4,22.323,5.6,74674.0,,,109.6,,65.0,91.665743,,0.0
1972-11-01,6.28,6.28,,5.06,6.1165,,,,,,,42.4,44.4,22.382,5.3,74973.0,,,115.1,,63.0,91.942887,,0.0
1972-12-01,6.36,6.41,,5.33,6.1585,,,,,,,42.5,44.6,22.449,5.2,75268.0,,,117.5,,64.0,92.138733,,0.0
1973-01-01,6.46,6.54,,5.94,6.341364,,,,,,,42.6,44.6,22.463,4.9,75617.0,,,118.4,,65.0,92.014602,,0.0
1973-02-01,6.64,6.64,,6.58,6.6,,,,,,,42.9,44.8,22.534,5.0,76014.0,,,114.2,,74.0,88.054486,,0.0
1973-03-01,6.71,6.73,,7.09,6.804545,,,,,,,43.3,45.0,22.625,4.9,76284.0,,,112.4,,84.0,84.688449,,0.0
1973-04-01,6.67,6.7,,7.12,6.6725,,,,,,,43.6,45.1,22.756,5.0,76455.0,,,110.3,,91.0,85.211507,,0.0
1973-05-01,6.85,6.93,,7.84,6.803182,,,,,,,43.9,45.3,22.844,4.9,76648.0,,,107.2,,102.0,84.379777,,0.0
1973-06-01,6.9,6.94,,8.49,6.69,,,,,,,44.2,45.4,22.943,4.9,76887.0,,,104.8,,120.0,81.434836,,0.0
1973-07-01,7.13,7.43,,10.4,7.334762,,,,,,,44.3,45.5,23.041,4.8,76913.0,,,105.8,,120.0,78.223247,,0.0
1973-08-01,7.4,7.25,,10.5,7.628696,,,,,,,45.1,45.7,23.148,4.8,77168.0,,,103.8,,107.0,79.934197,,0.0
1973-09-01,7.09,6.9,,10.78,7.053684,,,,,,,45.2,46.0,23.265,4.8,77276.0,,,105.6,,103.0,80.222549,,0.0
1973-10-01,6.79,6.71,,10.01,6.771429,,,,,,,45.6,46.3,23.355,4.6,77607.0,,,109.8,,100.0,79.898933,,0.0
1973-11-01,6.73,6.69,,10.03,6.9175,,,,,,,45.9,46.5,23.468,4.8,77920.0,,,102.0,,95.0,82.767825,,0.0
1973-12-01,6.74,6.9,,9.95,6.796842,,,,,,,46.2,46.7,23.598,4.9,78031.0,,,94.78,,107.0,84.145979,,1.0
1974-01-01,6.99,7.0,,9.65,6.948636,,,,,,,46.6,46.9,23.714,5.1,78100.0,,,96.11,,129.0,87.165278,,1.0
1974-02-01,6.96,7.01,,8.97,6.816667,,,,,,,47.2,47.2,23.865,5.2,78254.0,,,93.45,,150.0,84.849871,,1.0
1974-03-01,7.21,7.41,,9.35,7.312857,,,,,,,47.8,47.6,24.051,5.1,78296.0,,,97.44,,168.0,82.820062,,1.0
1974-04-01,7.51,7.66,,10.51,7.92,,,,,,,48.0,47.9,24.231,5.1,78382.0,,,92.46,,172.0,81.132316,,1.0
1974-05-01,7.58,7.52,,11.31,8.179545,,,,,,,48.6,48.5,24.464,5.1,78549.0,,,89.67,,163.0,79.994664,,1.0
1974-06-01,7.54,7.64,,11.93,8.096,,,,,,,49.0,49.0,24.715,5.4,78604.0,,,89.79,,154.0,81.235031,,1.0
1974-07-01,7.81,7.89,,12.92,8.375909,,,,,,,49.4,49.5,24.934,5.5,78636.0,,,79.31,,143.0,82.104756,,1.0
1974-08-01,8.04,8.11,,12.01,8.63,,,,,,,50.0,50.2,25.174,5.5,78619.0,,,76.03,,155.0,83.624734,,1.0
1974-09-01,8.04,7.94,,11.34,8.3745,,,,,,,50.6,50.7,25.4,5.9,78610.0,,,68.12,,152.0,84.38225,,1.0
1974-10-01,7.9,7.79,,10.06,7.967727,,,,,,,51.1,51.2,25.599,6.0,78630.0,,,69.44,,159.0,83.429413,,1.0
1974-11-01,7.68,7.64,,9.45,7.678333,,,,,,,51.5,51.6,25.786,6.6,78265.0,,,71.74,,182.0,82.372397,,1.0
1974-12-01,7.43,7.4,,8.53,7.309048,,,,,,,51.9,52.0,25.968,7.2,77652.0,,,67.07,,184.0,81.392696,,1.0
1975-01-01,7.5,7.53,,7.13,7.405455,,,,,,,52.1,52.3,26.119,8.1,77293.0,,,72.56,,176.0,80.148232,,1.0
1975-02-01,7.39,7.46,,6.24,7.112778,,,,,,,52.5,52.8,26.304,8.1,76918.0,,,80.1,,180.0,79.27252,,1.0
1975-03-01,7.73,8.01,,5.54,7.3035,,,,,,,52.7,53.0,26.441,8.6,76648.0,,,83.78,,178.0,78.950646,,1.0
1975-04-01,8.23,8.31,,5.49,7.986364,,,,,,,52.9,53.3,26.57,8.8,76460.0,,,84.72,,170.0,80.39689,,0.0
1975-05-01,8.06,8.04,,5.22,7.72,,,,,,,53.2,53.5,26.683,9.0,76624.0,,,90.1,,167.0,80.56971,,0.0
1975-06-01,7.86,7.96,,5.55,7.511905,,,,,,,53.6,53.8,26.813,8.8,76521.0,,,92.4,,164.0,80.595061,,0.0
1975-07-01,8.06,8.2,,6.1,7.923182,,,,,,,54.2,54.0,26.978,8.6,76770.0,,,92.49,,165.0,83.179701,,0.0
1975-08-01,8.4,8.22,,6.14,8.328095,,,,,,,54.3,54.2,27.071,8.4,77153.0,,,85.71,,163.0,85.118018,,0.0
1975-09-01,8.43,8.48,,6.24,8.365714,,,,,,,54.6,54.5,27.218,8.4,77228.0,,,84.67,,144.0,85.765204,,0.0
1975-10-01,8.14,7.91,,5.82,7.974091,,,,,,,54.9,54.8,27.354,8.4,77540.0,,,88.57,,143.0,85.406506,,0.0
1975-11-01,8.05,8.14,,5.22,7.801176,,,,,,,55.3,55.2,27.535,8.3,77685.0,,,90.07,,142.0,85.260425,,0.0
1975-12-01,8.0,7.76,,5.2,7.758636,,,,,,,55.5,55.5,27.702,8.2,78017.0,,,88.7,,139.0,85.896475,,0.0
1976-01-01,7.74,7.8,,4.87,7.456667,,,,,,,55.6,55.9,27.844,7.9,78503.0,,,96.86,,131.05,85.347219,,0.0
1976-02-01,7.79,7.77,,4.77,7.448333,,,,,,,55.8,56.2,27.955,7.7,78816.0,,,100.6,,131.0,84.347674,,0.0
1976-03-01,7.73,7.66,,4.84,7.489565,,,,,,,55.9,56.5,28.047,7.6,79048.0,,,101.1,,133.0,84.494386,,0.0
1976-04-01,7.56,7.67,,4.82,7.253333,,,,,,,56.1,56.7,28.157,7.7,79292.0,,,101.9,,128.0,84.539293,,0.0
1976-05-01,7.9,7.96,,5.29,7.59,,,,,,,56.5,57.0,28.29,7.4,79312.0,,,101.2,,127.0,84.902729,,0.0
1976-06-01,7.86,7.86,7.06,5.48,7.606818,,,,,,,56.8,57.2,28.405,7.6,79376.0,,,101.8,,126.0,85.161209,,0.0
1976-07-01,7.83,7.86,6.85,5.31,7.487619,,,,,,,57.1,57.6,28.561,7.8,79547.0,,,104.2,,118.0,84.817369,,0.0
1976-08-01,7.77,7.66,6.631364,5.29,7.306818,,,,,,,57.4,57.9,28.726,7.8,79704.0,,,103.3,,110.0,84.412358,,0.0
1976-09-01,7.59,7.55,6.41619,5.25,7.129524,,,,,,,57.6,58.2,28.894,7.6,79892.0,,,105.5,,114.0,83.777015,,0.0
1976-10-01,7.41,7.42,5.984,5.02,6.752,,,,,,,57.9,58.5,29.036,7.7,79911.0,,,101.9,,116.0,83.503534,,0.0
1976-11-01,7.29,7.01,5.81,4.95,6.519474,,,,,,,58.0,58.7,29.168,7.8,80240.0,,,101.2,,130.0,83.790834,,0.0
1976-12-01,6.87,6.81,5.376818,4.65,6.104545,,,,,,,58.2,58.9,29.326,7.8,80448.0,,,104.7,,134.0,84.182459,,0.0
1977-01-01,7.21,7.4,5.899524,4.61,6.583333,,,,,,,58.5,59.3,29.505,7.5,80690.0,,,103.8,,132.0,83.818452,,0.0
1977-02-01,7.39,7.45,6.088421,4.68,6.83,7.754444,,,,,,59.1,59.7,29.686,7.6,80988.0,,,101.0,,136.0,84.23574,,0.0
1977-03-01,7.46,7.42,6.086522,4.69,6.928261,7.796087,,,,,,59.5,60.0,29.812,7.4,81391.0,,,100.6,,148.0,84.416254,,0.0
1977-04-01,7.37,7.45,5.9635,4.73,6.792,7.7345,,,,,,60.0,60.3,29.959,7.2,81728.0,,,99.05,,149.0,83.960322,,0.0
1977-05-01,7.46,7.38,6.254762,5.35,6.939048,7.798095,,,,,,60.3,60.6,30.112,7.0,82088.0,,,98.76,,147.0,83.76275,,0.0
1977-06-01,7.28,7.2,6.127273,5.39,6.756818,7.635909,,,,,,60.7,61.0,30.292,7.2,82488.0,,,99.29,,141.0,83.716793,,0.0
1977-07-01,7.33,7.42,6.274737,5.42,6.844211,7.644737,,,,,,61.0,61.2,30.479,6.9,82834.0,,,100.2,,143.0,82.290593,,0.0
1977-08-01,7.4,7.28,6.611304,5.9,7.028261,7.683478,,,,,,61.2,61.5,30.629,7.0,83075.0,,,97.75,,145.0,83.122658,,0.0
1977-09-01,7.34,7.41,6.714286,6.14,7.040476,7.643333,,,,,,61.4,61.8,30.758,6.8,83532.0,,,96.23,,149.53,83.195677,,0.0
1977-10-01,7.52,7.62,7.106,6.47,7.32,7.7745,,,,,,61.6,62.0,30.907,6.8,83800.0,,,93.74,,159.0,82.324053,,0.0
1977-11-01,7.58,7.55,7.142632,6.51,7.338947,7.846842,,,,,,61.9,62.3,31.067,6.8,84173.0,,,94.28,,162.0,81.239133,,0.0
1977-12-01,7.69,7.78,7.176667,6.56,7.478571,7.940476,,,,,,62.1,62.7,31.227,6.4,84410.0,,,93.82,,160.0,79.168692,,0.0
1978-01-01,7.96,7.94,7.485714,6.7,7.76619,8.179524,,,,,5.2,62.5,63.1,31.414,6.4,84594.0,,,90.25,,173.0,78.250439,,0.0
1978-02-01,8.03,8.04,7.565,6.78,7.832222,8.254444,,,,,6.4,62.9,63.4,31.535,6.3,84948.0,,,88.98,,178.0,77.742733,,0.0
1978-03-01,8.04,8.15,7.575,6.79,7.857727,8.234091,,,,,6.3,63.4,63.8,31.706,6.3,85460.0,,,88.82,,184.0,77.118558,,0.0
1978-04-01,8.15,8.24,7.7435,6.89,7.9825,8.34,,,,,6.7,63.9,64.3,31.911,6.1,86162.0,,,92.71,,175.0,77.397979,,0.0
1978-05-01,8.35,8.42,8.00619,7.36,8.175714,8.434762,,,,,6.9,64.5,64.7,32.099,6.0,86509.0,,,97.41,,176.0,78.306054,,0.0
1978-06-01,8.46,8.62,8.239545,7.6,8.355,8.500455,,,,,6.5,65.2,65.2,32.278,5.9,86950.0,,,97.66,,184.0,77.265349,,0.0
1978-07-01,8.64,8.56,8.4895,7.81,8.5365,8.6495,,,,,6.6,65.7,65.6,32.468,6.2,87204.0,,,97.19,,189.0,75.799242,,0.0
1978-08-01,8.41,8.39,8.366522,8.04,8.333913,8.473478,,,,,8.7,66.0,66.1,32.642,5.9,87483.0,,,103.9,,206.0,74.257591,,0.0
1978-09-01,8.42,8.56,8.5655,8.45,8.4275,8.471,,,,,6.9,66.5,66.7,32.83,6.0,87621.0,,,103.9,,212.0,74.162014,,0.0
1978-10-01,8.64,8.96,8.85381,8.96,8.614762,8.669048,,,,,7.4,67.1,67.2,33.071,5.8,87956.0,,,100.6,,227.0,71.895469,,0.0
1978-11-01,8.81,8.86,9.4245,9.76,8.835,8.7515,,,,,7.5,67.4,67.6,33.249,5.9,88391.0,,,94.71,,206.0,73.625014,,0.0
1978-12-01,9.01,9.15,9.7155,10.03,9.084,8.8845,,,,,7.3,67.7,68.0,33.378,6.0,88671.0,,,96.11,,208.0,73.463491,,0.0
1979-01-01,9.1,8.95,9.86,10.07,9.202727,8.938182,,,,,7.8,68.3,68.5,33.549,5.9,88808.0,,,99.71,,227.0,73.192071,,0.0
1979-02-01,9.1,9.17,9.716667,10.06,9.133889,9.000556,,,,,9.3,69.1,69.2,33.659,5.9,89055.0,,,98.23,,246.0,73.558736,,0.0
1979-03-01,9.12,9.11,9.789545,10.09,9.202273,9.030909,,,,,8.8,69.8,69.8,33.852,5.8,89479.0,,,100.1,,242.0,73.371773,,0.0
1979-04-01,9.18,9.35,9.7785,10.01,9.2495,9.0845,,,,,9.7,70.6,70.3,34.165,5.8,89417.0,,,102.1,,239.11,73.787667,,0.0
1979-05-01,9.25,9.06,9.78381,10.24,9.237143,9.193333,,,,,9.8,71.5,70.8,34.462,5.6,89789.0,,,99.73,,258.0,74.316747,,0.0
1979-06-01,8.91,8.81,9.220476,10.29,8.849048,8.923333,,,,,9.9,72.3,71.3,34.655,5.7,90108.0,,,101.7,,279.0,74.016411,,0.0
1979-07-01,8.95,9.01,9.137619,10.47,8.897619,8.931905,,,,,9.9,73.1,71.9,34.829,5.7,90217.0,,,102.7,,295.0,72.168357,,0.0
1979-08-01,9.03,9.24,9.458696,10.94,9.060435,8.977826,,,,,9.9,73.8,72.7,35.06,6.0,90300.0,,,107.4,,301.0,72.527709,,0.0
1979-09-01,9.33,9.44,10.056316,11.43,9.408421,9.168947,,,,,9.6,74.6,73.3,35.299,5.9,90327.0,,,108.6,,355.0,72.1292,,0.0
1979-10-01,10.3,10.72,11.489545,13.77,10.627727,9.847727,,,,,9.0,75.2,74.0,35.557,6.0,90481.0,,,104.5,,392.0,72.837557,,0.0
1979-11-01,10.65,10.38,11.808421,13.18,10.925263,10.300526,,,,,10.0,75.9,74.8,35.784,5.9,90573.0,,,103.7,,392.0,73.279954,,0.0
1979-12-01,10.39,10.33,11.3905,13.78,10.4155,10.124,,,,,9.9,76.7,75.7,36.041,6.0,90672.0,,,107.8,,455.0,71.982633,,0.0
1980-01-01,10.8,11.13,11.498182,13.82,10.743636,10.595,,,,,10.4,77.8,76.7,36.315,6.3,90800.0,,,110.9,,675.0,71.37749,,0.0
1980-02-01,12.41,12.72,13.418421,14.13,12.596316,12.133158,,,,,10.0,78.9,77.5,36.677,6.3,90883.0,,,115.3,,665.0,71.854681,,1.0
1980-03-01,12.75,12.64,14.884762,17.19,13.469524,12.339048,,,,,10.2,80.1,78.6,37.017,6.3,90994.0,,,104.7,,554.0,74.554701,,1.0
1980-04-01,11.47,10.76,12.501905,17.61,11.84381,11.4,,,,,10.1,81.0,79.5,37.207,6.9,90849.0,,,103.0,,517.0,75.255609,,1.0
1980-05-01,10.18,10.25,9.45,10.98,9.945714,10.361429,,,,,8.6,81.8,80.1,37.507,7.5,90420.0,,,107.7,,514.0,72.228754,,1.0
1980-06-01,9.78,10.09,8.728095,9.47,9.211429,9.813333,,,,,8.5,82.7,81.0,37.756,7.6,90101.0,,,114.6,,601.0,70.789551,,1.0
1980-07-01,10.25,10.76,9.029545,9.03,9.528636,10.238636,,,,,9.6,82.7,80.8,38.021,7.8,89840.0,,,119.8,,643.0,70.436883,,1.0
1980-08-01,11.1,11.55,10.527619,9.61,10.839048,11.000952,,,,,7.6,83.3,81.3,38.296,7.7,90099.0,,,123.5,,627.0,71.447723,,0.0
1980-09-01,11.51,11.86,11.574762,10.87,11.618095,11.339524,,,,,9.1,84.0,82.1,38.657,7.5,90213.0,,,126.5,,674.0,70.998643,,0.0
1980-10-01,11.75,12.46,12.088182,12.81,11.861364,11.585909,,,,,9.6,84.8,83.0,38.975,7.5,90490.0,,,130.2,,661.0,71.66331,,0.0
1980-11-01,12.68,12.72,13.514118,15.85,12.834706,12.369412,,,,,8.6,85.5,83.9,39.282,7.5,90747.0,,,135.7,,625.0,73.510811,,0.0
1980-12-01,12.84,12.43,14.076818,18.9,13.247273,12.395455,,,,,9.7,86.3,84.9,39.518,7.2,90943.0,,,133.5,,538.0,74.577361,,0.0
1981-01-01,12.57,12.68,13.262381,19.08,12.770476,12.142857,,,,,9.5,87.0,85.4,39.861,7.5,91033.0,,,133.0,,557.0,74.578807,,0.0
1981-02-01,13.19,13.43,13.918889,15.93,13.412222,12.802222,,,,,8.6,87.9,85.9,40.152,7.4,91105.0,,,128.4,,500.0,77.352638,,0.0
1981-03-01,13.12,13.13,13.568636,14.7,13.408182,12.685909,,,,,7.2,88.5,86.4,40.375,7.4,91210.0,,,133.2,,499.0,77.091372,,0.0
1981-04-01,13.68,14.11,14.151429,15.72,13.990952,13.19619,,,,,8.0,89.1,87.0,40.633,7.2,91283.0,,,134.4,,496.0,78.538984,,0.0
1981-05-01,14.1,13.5,15.457,18.52,14.625,13.6025,,,,,7.3,89.8,87.8,40.913,7.5,91296.0,,,131.7,,480.0,81.384095,,0.0
1981-06-01,13.47,13.86,14.505909,19.1,13.953182,12.960455,,,,,7.1,90.6,88.6,41.117,7.5,91490.0,,,132.3,,461.0,83.324176,,0.0
1981-07-01,14.28,14.67,15.354091,19.04,14.79,13.588636,,,,,6.8,91.6,89.8,41.365,7.2,91601.0,,,129.1,,409.0,85.245404,,0.0
1981-08-01,14.94,15.41,16.284762,17.82,15.56381,14.167619,,,,,5.8,92.3,90.7,41.642,7.4,91565.0,,,129.6,,410.0,86.796068,,1.0
1981-09-01,15.32,15.84,16.457619,15.87,15.93,14.666667,,,,,6.9,93.2,91.8,41.915,7.6,91477.0,,,118.3,,444.0,83.890817,,1.0
1981-10-01,15.15,14.63,15.542857,15.08,15.406667,14.684286,,,,,6.7,93.4,92.1,42.165,7.9,91380.0,,,119.8,,438.0,82.313069,,1.0
1981-11-01,13.39,13.13,12.881667,13.31,13.375556,13.352778,,,,,7.3,93.7,92.5,42.411,8.3,91171.0,,,122.9,,413.0,80.76,,1.0
1981-12-01,13.72,13.98,13.290455,12.37,13.600455,13.454545,,,,,5.3,94.0,93.0,42.568,8.5,90895.0,,,123.8,,410.0,80.99533,,1.0
1982-01-01,14.59,14.14,14.568,13.22,14.6455,14.224,,,,6.2,5.1,94.3,93.3,42.829,8.6,90565.0,,,117.3,,384.0,82.10461,,1.0
1982-02-01,14.43,14.03,14.823333,14.78,14.540556,14.219444,,,,6.08,5.2,94.6,93.8,42.994,8.9,90563.0,,,114.5,,374.0,84.387698,,1.0
1982-03-01,13.86,14.18,14.194348,14.68,13.977391,13.533043,,,,5.65,4.2,94.5,93.9,43.182,9.0,90434.0,,,110.8,,330.0,85.252056,,1.0
1982-04-01,13.87,13.87,14.202381,14.94,14.00381,13.367143,,,,5.71,4.7,94.9,94.7,43.353,9.3,90150.0,,,116.3,,350.0,86.052947,,1.0
1982-05-01,13.62,13.71,13.777,14.45,13.754,13.2425,,,,5.69,3.5,95.8,95.4,43.589,9.4,90107.0,,,116.4,,334.0,84.457039,,1.0
1982-06-01,14.3,14.44,14.465455,14.15,14.426364,13.923636,,,,5.6,4.6,97.0,96.1,43.808,9.6,89865.0,,,109.7,,315.0,88.221352,,1.0
1982-07-01,13.95,13.68,13.797143,12.59,14.067143,13.550952,,,,5.92,5.0,97.5,96.7,44.092,9.8,89521.0,,,109.4,,339.0,88.995007,,1.0
1982-08-01,13.06,12.81,12.323636,10.12,12.998182,12.767727,,,,5.7,4.8,97.7,97.1,44.295,9.8,89363.0,,,109.7,,364.0,89.009568,,1.0
1982-09-01,12.34,11.73,11.783333,10.31,12.248095,12.065714,,,,5.73,4.5,97.9,97.2,44.459,10.1,89183.0,,,122.4,,437.0,89.485372,,1.0
1982-10-01,10.91,10.71,10.1875,9.71,10.7995,11.168,,,,5.34,4.7,98.2,97.5,44.741,10.4,88907.0,,,132.7,,422.0,90.413783,,1.0
1982-11-01,10.55,10.79,9.795789,9.2,10.381579,10.542105,,,,4.72,4.5,98.0,97.3,44.906,10.8,88786.0,,,138.1,,415.0,90.766907,,1.0
1982-12-01,10.54,10.36,9.662273,8.95,10.222273,10.539091,,,,4.86,3.7,97.6,97.2,45.049,10.8,88771.0,,,139.4,,445.0,87.915508,,0.0
1983-01-01,10.46,10.8,9.327619,8.68,10.025714,10.630476,,,,4.72,2.8,97.8,97.6,45.357,10.4,88990.0,,,144.3,,481.0,86.911961,,0.0
1983-02-01,10.72,10.27,9.636316,8.51,10.257368,10.880526,,,,4.86,3.0,97.9,98.0,45.525,10.4,88917.0,,,146.8,,491.0,87.998777,,0.0
1983-03-01,10.51,10.62,9.656087,8.77,10.083478,10.633043,,,,4.61,1.8,97.9,98.2,45.583,10.3,89090.0,,,151.9,,420.0,88.350355,,0.0
1983-04-01,10.4,10.27,9.568,8.8,10.0215,10.477,,,,4.74,3.4,98.6,98.6,45.721,10.2,89364.0,,,157.7,,433.0,88.592708,,0.0
1983-05-01,10.38,10.81,9.489048,8.63,10.034286,10.528095,,,,4.54,3.2,99.2,98.9,45.787,10.1,89644.0,,,164.1,,438.0,88.503266,,0.0
1983-06-01,10.85,10.96,10.181818,8.98,10.628182,10.932727,,,,4.72,3.2,99.5,99.2,46.001,10.1,90021.0,,,166.4,,413.0,90.240911,,0.0
1983-07-01,11.38,11.76,10.685,9.37,11.209,11.395,,,,4.87,3.2,99.9,99.8,46.311,9.4,90437.0,,,167.0,,403.0,91.003632,,0.0
1983-08-01,11.85,11.98,11.070435,9.56,11.626087,11.816087,,,,5.02,3.3,100.2,100.1,46.55,9.5,90129.0,,,162.4,,416.0,92.601242,,0.0
1983-09-01,11.65,11.44,10.79,9.45,11.43,11.633333,,,,5.11,3.3,100.7,100.5,46.738,9.2,91247.0,,,167.2,,412.0,92.40325,,0.0
1983-10-01,11.54,11.74,10.571,9.48,11.278,11.577,,,,4.97,3.7,101.0,101.0,46.821,8.8,91520.0,,,167.7,,394.0,90.898864,,0.0
1983-11-01,11.69,11.63,10.664211,9.34,11.408947,11.745789,,,,5.07,3.5,101.2,101.5,46.93,8.5,91875.0,,,165.2,,382.0,92.462166,,0.0
1983-12-01,11.83,11.82,10.836667,9.47,11.544762,11.881429,,,,5.09,3.5,101.3,101.8,46.965,8.3,92230.0,,,164.4,,388.0,93.935033,,0.0
1984-01-01,11.67,11.67,10.642381,9.56,11.368571,11.750952,,,,5.06,3.2,101.9,102.5,47.121,8.0,92673.0,,,166.4,,371.0,95.004279,,0.0
1984-02-01,11.84,12.04,10.785263,9.59,11.538421,11.949474,,,,5.03,3.3,102.4,102.8,47.418,7.8,93157.0,,,157.3,,386.0,93.101582,,0.0
1984-03-01,12.32,12.53,11.314545,9.91,12.021364,12.383636,,,,5.17,3.4,102.6,103.2,47.598,7.8,93429.0,,,157.4,,394.0,91.513127,,0.0
1984-04-01,12.63,12.82,11.686,10.29,12.3715,12.6495,,,,5.31,3.9,103.1,103.7,47.822,7.7,93792.0,,,157.6,,381.0,92.794978,,0.0
1984-05-01,13.41,13.91,12.47,10.32,13.172727,13.425909,,,,5.45,4.2,103.4,104.1,47.933,7.4,94098.0,,,156.6,,377.0,95.199061,,0.0
1984-06-01,13.56,13.84,12.906667,11.06,13.476667,13.439524,,,,5.74,4.2,103.7,104.5,48.046,7.2,94479.0,,,153.1,,378.0,95.630198,,0.0
1984-07-01,13.36,12.91,12.877619,11.23,13.274762,13.210952,,,,5.74,3.4,104.1,105.0,48.253,7.5,94789.0,,,151.1,,348.0,98.859745,,0.0
1984-08-01,12.72,12.79,12.434348,11.64,12.684783,12.539565,,,,5.43,3.0,104.5,105.4,48.412,7.5,95032.0,,,164.4,,348.0,98.883863,,0.0
1984-09-01,12.52,12.47,12.204737,11.3,12.532105,12.293158,,,,5.44,3.0,105.0,105.8,48.486,7.3,95344.0,,,166.1,,340.0,101.942471,,0.0
1984-10-01,12.16,11.79,11.6,9.99,12.060909,11.983182,,,,5.21,3.5,105.3,106.2,48.595,7.4,95629.0,,,164.8,,341.0,102.957937,,0.0
1984-11-01,11.57,11.58,10.648947,9.43,11.325263,11.560526,,,,5.02,3.4,105.3,106.4,48.698,7.2,95982.0,,,166.3,,342.0,101.493884,,0.0
1984-12-01,11.5,11.55,10.1815,8.38,11.0695,11.5175,,,,5.03,3.3,105.3,106.8,48.891,7.3,96107.0,,,164.5,,320.0,103.915072,,0.0
1985-01-01,11.38,11.17,9.930952,8.35,10.932381,11.452857,,,,5.11,2.9,105.5,107.1,49.165,7.3,96372.0,,,171.6,,303.0,106.045297,,0.0
1985-02-01,11.51,11.91,10.165556,8.5,11.131111,11.47,,,,5.04,3.1,106.0,107.7,49.42,7.2,96503.0,,,180.9,,299.0,109.684931,,0.0
1985-03-01,11.86,11.65,10.712857,8.58,11.520476,11.812857,,,,5.26,3.0,106.4,108.1,49.593,7.2,96842.0,,,179.4,,314.0,109.974503,,0.0
1985-04-01,11.43,11.41,10.089048,8.27,11.006667,11.468095,,,,5.02,3.3,106.9,108.4,49.652,7.3,97038.0,,,180.6,,327.0,105.156467,,0.0
1985-05-01,10.85,10.28,9.394091,7.97,10.335909,11.045909,,,,4.98,3.2,107.3,108.8,49.823,7.2,97312.0,,,184.9,,316.0,105.445301,,0.0
1985-06-01,10.16,10.25,8.688,7.53,9.599,10.445,,,,4.59,3.4,107.6,109.1,49.988,7.4,97459.0,,,188.9,,317.0,104.155186,,0.0
1985-07-01,10.31,10.57,8.773182,7.88,9.7,10.496364,,,,4.56,2.8,107.8,109.4,50.134,7.4,97648.0,,,192.5,,317.0,100.065331,,0.0
1985-08-01,10.33,10.28,8.943636,7.9,9.809545,10.559545,,,,4.72,2.8,108.0,109.8,50.38,7.1,97840.0,,,188.3,,330.0,98.167282,,0.0
1985-09-01,10.37,10.31,8.983158,7.92,9.81,10.611053,,,,4.62,2.9,108.3,110.0,50.484,7.1,98045.0,,,184.1,,323.0,99.284881,,0.0
1985-10-01,10.24,10.01,8.864545,7.99,9.688636,10.500909,,,,4.62,3.3,108.7,110.5,50.565,7.1,98233.0,,,186.2,,326.0,94.507837,,0.0
1985-11-01,9.78,9.59,8.581053,8.05,9.275263,10.061579,,,,4.5,3.1,109.0,111.1,50.689,7.0,98443.0,,,197.5,,322.0,93.25542,,0.0
1985-12-01,9.26,9.0,8.146667,8.27,8.728571,9.537143,,,,4.37,3.5,109.3,111.4,50.827,7.0,98609.0,,,207.3,,322.0,92.274618,,0.0
1986-01-01,9.19,9.08,8.142381,8.14,8.683333,9.39619,,,,4.14,2.9,109.6,111.9,51.101,6.7,98732.0,2.241429,,208.2,22.93,347.0,91.275602,,0.0
1986-02-01,8.7,8.13,7.967368,7.86,8.335789,8.928947,,,,4.12,2.8,109.3,112.2,51.233,7.2,98847.0,2.408421,,219.4,15.46,339.0,88.484382,,0.0
1986-03-01,7.78,7.39,7.2145,7.48,7.46,7.9595,,,,3.74,2.3,108.8,112.5,51.389,7.2,98934.0,2.7165,,232.3,12.61,346.0,86.835991,,0.0
1986-04-01,7.3,7.38,6.695,6.99,7.053636,7.386364,,,,3.55,2.4,108.6,112.9,51.482,7.1,99121.0,2.891364,,238.0,12.84,340.0,86.073039,,0.0
1986-05-01,7.71,8.05,7.067143,6.85,7.524762,7.517143,,,,3.61,2.7,108.9,113.1,51.57,7.2,99248.0,2.57619,,238.5,15.38,342.0,84.404068,,0.0
1986-06-01,7.8,7.35,7.184762,6.92,7.637619,7.573333,,,,3.93,2.9,109.5,113.4,51.725,7.2,99155.0,2.54,,245.3,13.43,343.0,84.940276,,0.0
1986-07-01,7.3,7.34,6.666364,6.56,7.062727,7.272273,,,,3.67,2.8,109.5,113.8,51.819,7.0,99473.0,2.861364,,240.2,11.59,348.0,82.916935,,0.0
1986-08-01,7.17,6.95,6.32619,6.17,6.802381,7.32619,,,,3.63,3.0,109.7,114.2,51.925,6.9,99588.0,3.01619,,245.0,15.1,377.0,81.384623,,0.0
1986-09-01,7.45,7.45,6.34619,5.89,6.919048,7.620476,,,,3.44,2.9,110.2,114.6,52.096,7.0,99934.0,2.754286,,238.3,14.87,418.0,81.139036,,0.0
1986-10-01,7.43,7.34,6.279091,5.85,6.832273,7.695455,,,,3.63,3.2,110.3,115.0,52.273,7.0,100121.0,2.809545,,237.4,14.9,424.0,80.91729,,0.0
1986-11-01,7.25,7.15,6.276667,6.04,6.755,7.515,,,,3.56,2.8,110.4,115.3,52.384,6.9,100308.0,2.812222,,245.1,15.22,398.0,81.688435,,0.0
1986-12-01,7.11,7.23,6.271818,6.91,6.669091,7.371364,,,,3.48,3.0,110.5,115.6,52.452,6.6,100509.0,2.859545,,248.6,16.11,391.0,80.772857,,0.0
1987-01-01,7.08,7.18,6.226,6.43,6.635,7.386,,,,3.52,2.9,111.2,115.9,52.578,6.6,100678.0,2.6425,,264.5,18.65,408.0,77.280363,,0.0
1987-02-01,7.25,7.19,6.397895,6.1,6.792105,7.54,,,,3.52,3.1,111.6,116.2,52.685,6.6,100919.0,2.402632,,280.9,17.75,401.0,75.958666,,0.0
1987-03-01,7.25,7.51,6.424545,6.13,6.793182,7.551364,,,,3.39,3.0,112.1,116.6,52.841,6.6,101164.0,2.361364,,292.5,18.3,409.0,75.369334,,0.0
1987-04-01,8.02,8.21,7.024286,6.37,7.574286,8.252381,,,,3.63,3.0,112.7,117.3,53.065,6.3,101499.0,2.020476,,289.3,18.68,438.0,74.076184,,0.0
1987-05-01,8.61,8.49,7.7615,6.85,8.2595,8.78,,,,3.98,3.4,113.1,117.7,53.214,6.3,101728.0,1.9,,289.1,19.44,460.0,73.660259,,0.0
1987-06-01,8.4,8.38,7.573182,6.73,8.016364,8.569545,,,,3.91,3.3,113.5,117.9,53.36,6.2,101900.0,2.12,,301.4,20.07,450.0,74.654857,,0.0
1987-07-01,8.45,8.66,7.442273,6.58,8.008182,8.635909,,,,3.97,3.1,113.8,118.3,53.498,6.1,102247.0,2.159545,,310.1,21.34,451.0,75.48108,,0.0
1987-08-01,8.76,9.0,7.752857,6.73,8.322857,8.97,,,,4.05,3.2,114.4,118.7,53.679,6.0,102420.0,2.042381,,329.4,20.31,461.0,75.444179,,0.0
1987-09-01,9.42,9.63,8.34381,7.22,8.942857,9.591905,,,,4.15,3.0,115.0,119.2,53.892,5.9,102647.0,1.884762,,318.7,19.53,460.0,73.988312,,0.0
1987-10-01,9.52,8.88,8.397619,7.29,9.08,9.614286,,,,4.25,3.3,115.3,119.8,54.122,6.0,103138.0,2.092857,,280.2,19.86,465.0,73.615549,,0.0
1987-11-01,8.86,8.99,7.692632,6.69,8.347368,8.952105,,,,4.17,3.2,115.4,120.1,54.235,5.8,103372.0,2.367895,,245.0,18.85,468.0,70.557207,,0.0
1987-12-01,8.99,8.83,7.857727,6.77,8.451364,9.12,,,,4.26,3.1,115.4,120.4,54.349,5.7,103661.0,2.299091,,241.0,17.28,486.0,68.7245,,0.0
1988-01-01,8.67,8.26,7.63,6.83,8.177895,8.826316,,,,4.22,3.2,115.7,120.9,54.606,5.7,103753.0,2.403684,,250.5,17.13,477.0,68.817347,,0.0
1988-02-01,8.21,8.16,7.1805,6.58,7.7125,8.432,,,,3.85,3.1,116.0,121.2,54.718,5.7,104214.0,2.407,,258.1,16.8,442.0,69.606679,,0.0
1988-03-01,8.37,8.57,7.270435,6.58,7.833913,8.63087,,,,3.81,3.2,116.5,121.7,54.952,5.7,104489.0,2.199565,,265.7,16.2,444.0,68.464312,,0.0
1988-04-01,8.72,8.87,7.5895,6.87,8.194,8.9525,,,,4.02,3.3,117.1,122.3,55.219,5.4,104732.0,2.1775,,262.6,17.86,452.0,67.75866,,0.0
1988-05-01,9.09,9.2,7.995714,7.09,8.582381,9.231905,,,,4.06,3.3,117.5,122.7,55.407,5.6,104962.0,1.954762,,256.1,17.42,451.0,68.179303,,0.0
1988-06-01,8.92,8.82,8.025909,7.51,8.486818,8.997727,,,,4.13,3.7,118.0,123.2,55.641,5.4,105326.0,2.082273,,270.7,16.53,451.0,69.494348,,0.0
1988-07-01,9.06,9.12,8.279,7.75,8.655,9.14,,,,4.08,4.6,118.5,123.6,55.868,5.4,105550.0,2.058,,269.1,15.5,438.0,71.558874,,0.0
1988-08-01,9.26,9.25,8.628696,8.01,8.936522,9.315652,,,,4.09,4.4,119.0,124.0,56.007,5.6,105674.0,1.953913,,263.7,15.52,431.0,72.658345,,0.0
1988-09-01,8.98,8.87,8.463333,8.19,8.692857,9.055714,,,,4.17,3.9,119.8,124.7,56.307,5.4,106013.0,1.919524,,268.0,14.54,413.0,72.497717,,0.0
1988-10-01,8.8,8.65,8.354,8.3,8.5125,8.8945,,,,4.05,3.9,120.2,125.2,56.521,5.4,106276.0,1.614,,277.4,13.77,407.0,70.586887,,0.0
1988-11-01,8.96,9.06,8.666,8.35,8.7865,9.021,,,,4.0,3.7,120.3,125.6,56.676,5.3,106617.0,1.5185,,271.0,14.14,420.0,68.870542,,0.0
1988-12-01,9.11,9.14,9.088571,8.76,9.092857,9.005238,,,,4.12,3.9,120.5,126.0,56.864,5.3,106898.0,1.539524,,276.5,16.38,419.0,68.569276,,0.0
1989-01-01,9.09,9.01,9.1755,9.12,9.1485,8.927,,,,4.29,3.5,121.1,126.5,57.152,5.4,107161.0,1.564,,285.4,18.02,404.0,70.320347,,0.0
1989-02-01,9.17,9.32,9.371579,9.36,9.270526,9.01,,,,4.19,4.1,121.6,126.9,57.297,5.2,107427.0,1.44,,294.0,17.94,388.0,70.668355,,0.0
1989-03-01,9.36,9.3,9.679545,9.85,9.514091,9.165455,,,,4.33,3.7,122.3,127.4,57.468,5.0,107621.0,1.31,,292.7,19.48,390.0,71.57379,,0.0
1989-04-01,9.18,9.02,9.4515,9.84,9.295,9.025,,,,4.27,4.3,123.1,127.8,57.661,5.2,107791.0,1.4385,,302.3,21.07,384.0,71.720078,,0.0
1989-05-01,8.86,8.6,9.017727,9.81,8.909545,8.832273,,,,4.1,4.6,123.8,128.3,57.833,5.2,107913.0,1.603636,,313.9,20.12,371.0,73.889909,,0.0
1989-06-01,8.28,8.1,8.406364,9.53,8.292273,8.266364,,,,3.96,3.8,124.1,128.8,57.987,5.3,108027.0,1.755909,,323.7,20.05,368.0,75.324166,,0.0
1989-07-01,8.02,7.82,7.8195,9.24,7.8265,8.079,,,,3.74,4.1,124.4,129.2,58.136,5.2,108069.0,1.8555,,331.9,19.78,375.0,73.029462,,0.0
1989-08-01,8.11,8.26,8.144783,8.99,8.089565,8.122174,,,,3.58,3.5,124.6,129.5,58.217,5.2,108120.0,1.763478,,346.6,18.58,365.0,73.618679,,0.0
1989-09-01,8.19,8.31,8.2845,9.02,8.1745,8.1545,,,,3.8,3.4,125.0,129.9,58.419,5.3,108369.0,1.721,,347.3,19.59,362.0,74.494172,,0.0
1989-10-01,8.01,7.92,7.979048,8.84,7.96619,7.999048,,,,3.83,3.6,125.6,130.6,58.631,5.3,108476.0,1.799524,,347.4,20.1,367.0,72.691276,,0.0
1989-11-01,7.87,7.84,7.795714,8.55,7.810952,7.902381,,,,3.69,3.5,125.9,131.1,58.787,5.4,108752.0,1.938095,,340.2,19.86,394.0,72.163652,,0.0
1989-12-01,7.84,7.93,7.777,8.45,7.7465,7.8965,,,,3.66,3.5,126.1,131.6,58.954,5.4,108836.0,1.9825,,348.6,21.1,409.39,70.353982,,0.0
1990-01-01,8.21,8.43,8.085238,8.23,8.119524,8.258571,,,,3.79,4.1,127.4,132.1,59.181,5.4,109196.0,1.738571,23.347273,339.97,22.86,410.0,69.533149,,0.0
1990-02-01,8.47,8.51,8.370526,8.24,8.424737,8.503684,,,,3.97,4.1,128.0,132.7,59.468,5.3,109436.0,1.671053,23.262632,330.45,22.11,417.0,69.531569,,0.0
1990-03-01,8.59,8.65,8.626818,8.28,8.600455,8.563182,,,,3.96,3.7,128.7,133.5,59.754,5.2,109640.0,1.618182,20.062273,338.46,20.39,393.0,70.572224,,0.0
1990-04-01,8.79,9.04,8.724,8.26,8.768,8.756,,,,3.96,3.6,128.9,134.0,59.932,5.4,109674.0,1.516,21.4035,338.18,18.43,374.0,70.148909,,0.0
1990-05-01,8.76,8.6,8.642273,8.18,8.735909,8.731364,,,,4.14,3.4,129.2,134.4,60.115,5.4,109828.0,1.653182,18.097727,350.25,18.2,369.0,69.387724,,0.0
1990-06-01,8.48,8.43,8.350952,8.29,8.430476,8.457619,,,,3.95,3.8,129.9,135.1,60.349,5.2,109850.0,1.740476,16.822381,360.39,16.7,352.0,69.497017,,0.0
1990-07-01,8.47,8.36,8.157143,8.15,8.330952,8.498095,,,,3.86,3.4,130.4,135.8,60.501,5.5,109815.0,1.724286,18.392857,360.03,18.45,363.0,67.67617,,0.0
1990-08-01,8.75,8.86,8.061304,8.13,8.436522,8.863478,,,,3.83,4.6,131.6,136.6,60.753,5.7,109607.0,1.659565,28.175217,330.75,27.31,395.0,65.702904,,1.0
1990-09-01,8.89,8.82,8.079474,8.2,8.513684,9.028947,,,,4.07,4.7,132.7,137.1,60.965,5.9,109522.0,1.742632,29.107368,315.41,33.51,389.0,65.448179,,1.0
1990-10-01,8.72,8.65,7.877727,8.11,8.327727,8.857727,,,,3.99,4.8,133.5,137.6,61.172,5.9,109377.0,2.023182,29.625652,307.12,36.04,381.0,63.894832,,1.0
1990-11-01,8.39,8.26,7.5995,7.81,8.0225,8.5405,,,,3.98,4.7,133.8,138.0,61.246,6.2,109222.0,2.227,24.885714,315.29,32.33,382.0,63.219696,,1.0
1990-12-01,8.08,8.08,7.314,7.31,7.7265,8.237,,,,3.86,4.7,133.8,138.6,61.331,6.3,109168.0,2.3595,23.363,328.75,27.28,377.0,63.88208,,1.0
1991-01-01,8.09,8.03,7.125238,6.91,7.7,8.269524,,,,3.8,3.9,134.6,139.5,61.637,6.4,109058.0,2.358571,27.429091,325.49,25.23,384.0,63.898656,,1.0
1991-02-01,7.85,8.02,6.866842,6.25,7.472632,8.034211,,,,3.73,3.4,134.8,140.2,61.807,6.6,108735.0,2.213684,21.598421,362.26,20.48,364.0,63.080925,,1.0
1991-03-01,8.11,8.05,7.103,6.12,7.772,8.288,,,,3.87,3.3,135.0,140.5,61.936,6.8,108568.0,1.98,17.744211,372.28,19.9,363.0,66.543263,,1.0
1991-04-01,8.04,8.02,6.948182,5.91,7.700909,8.209545,,,,3.77,3.2,135.2,140.9,62.06,6.7,108350.0,1.903182,17.372727,379.68,20.83,358.0,68.295047,,0.0
1991-05-01,8.07,8.06,6.783636,5.78,7.701364,8.267273,,,,3.78,3.1,135.6,141.3,62.307,6.9,108253.0,1.795909,16.932273,377.99,21.23,357.0,68.730775,,0.0
1991-06-01,8.28,8.24,6.956,5.9,7.937,8.472,,,,3.87,3.3,136.0,141.8,62.442,6.9,108330.0,1.678,17.135,378.29,20.19,367.0,70.220526,,0.0
1991-07-01,8.27,8.2,6.917727,5.82,7.911364,8.452273,,,,3.89,3.1,136.2,142.3,62.632,6.8,108290.0,1.621818,17.294091,380.23,21.4,368.0,70.238857,,0.0
1991-08-01,7.9,7.82,6.433182,5.66,7.425,8.143636,,,,3.86,3.2,136.6,142.9,62.804,6.9,108300.0,1.745455,15.681364,389.4,21.69,356.0,69.219282,,0.0
1991-09-01,7.65,7.47,6.1815,5.45,7.136,7.948,,,,3.69,3.0,137.2,143.4,63.055,6.9,108335.0,1.8645,16.9565,387.2,21.89,349.0,67.827025,,0.0
1991-10-01,7.53,7.47,5.912273,5.21,6.871364,7.930455,,,,3.59,3.2,137.4,143.7,63.194,7.0,108361.0,1.964091,16.363913,386.88,23.23,359.0,67.378828,,0.0
1991-11-01,7.42,7.38,5.558947,4.81,6.617895,7.921579,,,,3.55,2.9,137.8,144.2,63.312,7.0,108300.0,2.036842,17.7735,385.92,22.46,360.0,65.936639,,0.0
1991-12-01,7.09,6.71,5.025714,4.43,6.18619,7.701905,,,,3.5,2.7,137.9,144.7,63.468,7.3,108330.0,2.170476,18.347619,388.51,19.5,362.0,64.910909,,0.0
1992-01-01,7.03,7.31,4.958095,4.03,6.242857,7.581905,,,,3.37,2.7,138.1,145.1,63.641,7.3,108365.0,2.097619,17.683182,416.08,18.79,354.0,65.320388,,0.0
1992-02-01,7.34,7.27,5.212105,4.06,6.577895,7.854737,,,,3.58,2.6,138.6,145.4,63.814,7.4,108312.0,1.888421,17.477368,412.56,19.01,354.0,66.773852,,0.0
1992-03-01,7.54,7.54,5.685,3.98,6.945455,7.969545,,,,3.61,2.6,139.3,145.9,63.973,7.4,108367.0,1.706364,17.520455,407.36,18.92,344.0,68.319244,,0.0
1992-04-01,7.48,7.61,5.344286,3.73,6.784286,7.962381,,,,3.64,3.0,139.5,146.3,64.183,7.4,108516.0,1.728571,16.562857,407.41,20.23,339.0,67.937638,,0.0
1992-05-01,7.39,7.33,5.2255,3.82,6.6925,7.891,,,,3.67,2.9,139.7,146.8,64.273,7.6,108646.0,1.7375,15.077,414.81,20.98,337.0,67.245409,,0.0
1992-06-01,7.26,7.14,5.048182,3.76,6.482727,7.841818,,,,3.59,3.1,140.2,147.1,64.323,7.8,108706.0,1.786364,15.203182,408.27,22.39,341.0,65.799526,,0.0
1992-07-01,6.84,6.72,4.355455,3.25,5.836818,7.598182,,,,3.45,2.7,140.5,147.6,64.566,7.7,108793.0,1.992273,13.601818,415.05,21.78,353.0,63.916143,,0.0
1992-08-01,6.59,6.62,4.192857,3.3,5.59619,7.390476,,,,3.32,2.8,140.9,147.9,64.625,7.6,108916.0,2.067143,14.421905,417.93,21.34,343.0,63.024929,,0.0
1992-09-01,6.42,6.37,3.894286,3.22,5.38,7.340952,,,,3.21,3.0,141.3,148.1,64.73,7.6,108951.0,2.201429,13.696667,418.48,21.88,345.0,63.686745,,0.0
1992-10-01,6.59,6.8,4.082857,3.1,5.600476,7.531905,,,,3.09,2.8,141.8,148.8,64.979,7.3,109139.0,2.250952,17.636818,412.5,21.69,344.0,65.42995,,0.0
1992-11-01,6.87,6.95,4.579474,3.09,6.037895,7.606842,,,,3.34,2.9,142.0,149.2,65.121,7.4,109283.0,2.084737,14.4245,422.84,20.34,335.0,68.644443,,0.0
1992-12-01,6.77,6.7,4.673636,2.92,6.075909,7.436364,,,,3.44,2.8,141.9,149.6,65.242,7.4,109502.0,2.040455,12.191364,435.64,19.41,335.0,68.582509,,0.0
1993-01-01,6.6,6.39,4.39,3.02,5.833684,7.341579,,,,3.33,2.9,142.6,150.1,65.432,7.3,109790.0,2.066316,12.409,435.23,19.03,329.0,69.548082,,0.0
1993-02-01,6.26,6.03,4.098421,3.03,5.428947,7.089474,,,,3.19,3.2,143.1,150.6,65.557,7.1,110047.0,2.134737,13.721579,441.7,20.09,329.0,69.959194,,0.0
1993-03-01,5.98,6.03,3.949565,3.07,5.194783,6.821739,,,,3.01,3.1,143.6,150.8,65.7,7.0,110004.0,2.170435,13.606087,450.16,20.32,330.0,69.395348,,0.0
1993-04-01,5.97,6.05,3.837619,2.96,5.132857,6.854286,,,,3.06,3.0,144.0,151.4,65.891,7.1,110300.0,2.170952,12.840952,443.08,20.25,342.0,67.893197,,0.0
1993-05-01,6.04,6.16,3.977,3.0,5.198,6.919,,,,3.01,2.9,144.2,151.8,66.114,7.1,110571.0,2.1785,13.606,445.25,19.95,367.0,68.01091,,0.0
1993-06-01,5.96,5.8,4.163636,3.04,5.216818,6.807273,,,,3.0,3.5,144.4,152.1,66.177,7.0,110742.0,2.106818,12.524091,448.06,19.09,372.0,69.000994,,0.0
1993-07-01,5.81,5.83,4.071905,3.06,5.090952,6.625714,,,,2.95,3.0,144.4,152.3,66.314,6.9,111054.0,2.128095,11.500476,447.29,17.89,392.0,70.235156,,0.0
1993-08-01,5.68,5.45,4.001364,3.03,5.025,6.323182,,,,2.99,3.2,144.8,152.8,66.438,6.8,111200.0,1.917273,11.928636,454.13,18.01,379.0,69.971259,,0.0
1993-09-01,5.36,5.4,3.847143,3.09,4.734762,5.997143,,,,2.85,3.0,145.1,152.9,66.538,6.7,111448.0,1.981905,12.931429,459.24,17.5,355.0,68.889499,,0.0
1993-10-01,5.33,5.43,3.8745,2.99,4.707,5.939,,,,2.85,3.3,145.7,153.4,66.647,6.8,111734.0,1.98,11.875238,463.9,18.15,364.0,69.536899,,0.0
1993-11-01,5.72,5.83,4.1555,3.02,5.063,6.21,,,,2.91,2.8,145.8,153.9,66.819,6.6,111987.0,1.9365,14.08381,462.89,16.61,374.0,70.677424,,0.0
1993-12-01,5.77,5.83,4.212273,2.96,5.146818,6.251818,,,,2.98,3.0,145.8,154.3,66.849,6.5,112325.0,1.910909,11.356364,465.95,14.52,383.0,71.096831,,0.0
1994-01-01,5.75,5.7,4.14,3.05,5.087,6.291,,,,3.02,2.8,146.2,154.5,66.902,6.6,112601.0,1.898,11.290476,472.99,15.03,387.0,71.466819,,0.0
1994-02-01,5.97,6.15,4.474211,3.25,5.395263,6.490526,,,,2.97,2.8,146.7,154.8,67.047,6.6,112782.0,1.790526,13.644211,471.58,14.78,382.0,71.306424,,0.0
1994-03-01,6.48,6.77,4.995217,3.34,5.941304,6.906522,,,,3.2,3.0,147.2,155.3,67.275,6.5,113245.0,1.646522,15.223478,463.81,14.68,384.0,70.710689,,0.0
1994-04-01,6.97,7.06,5.549474,3.56,6.524211,7.268947,,,,3.48,3.0,147.4,155.5,67.376,6.4,113589.0,1.550526,16.471053,447.23,16.42,377.0,71.034094,,0.0
1994-05-01,7.18,7.17,5.968095,4.01,6.78,7.412381,,,,3.45,3.1,147.5,155.9,67.526,6.1,113922.0,1.440476,13.897143,450.9,17.89,381.0,70.139645,,0.0
1994-06-01,7.1,7.34,5.931364,4.25,6.695455,7.395,,,,3.49,2.7,148.0,156.4,67.676,6.1,114239.0,1.546364,13.408636,454.83,19.06,386.0,69.386171,,0.0
1994-07-01,7.3,7.12,6.13,4.26,6.9095,7.579,,,,3.6,2.9,148.4,156.7,67.818,6.1,114608.0,1.5055,12.4845,451.4,19.66,385.0,67.802334,,0.0
1994-08-01,7.24,7.19,6.177391,4.47,6.877826,7.486087,,,,3.45,3.1,149.0,157.1,67.894,6.0,114902.0,1.503478,11.88913,464.24,18.38,380.0,67.823737,,0.0
1994-09-01,7.46,7.62,6.392381,4.73,7.083333,7.712381,,,,3.48,3.4,149.4,157.5,67.997,5.9,115246.0,1.520952,13.233333,466.96,17.45,392.0,66.902727,,0.0
1994-10-01,7.74,7.81,6.7285,4.76,7.403,7.935,,,,3.67,3.0,149.5,157.8,68.157,5.8,115457.0,1.4605,15.245238,463.81,17.72,390.0,66.058643,,0.0
1994-11-01,7.96,7.91,7.1485,5.29,7.7175,8.0815,,,,3.78,3.2,149.7,158.2,68.282,5.6,115867.0,1.3575,16.38381,461.01,18.07,384.0,66.70391,,0.0
1994-12-01,7.81,7.84,7.589524,5.45,7.77619,7.871429,,,,3.82,3.0,149.7,158.3,68.305,5.5,116174.0,1.289524,14.177143,455.19,17.16,379.0,67.987299,,0.0
1995-01-01,7.78,7.6,7.507,5.53,7.756,7.8465,,,,3.87,3.0,150.3,159.0,68.475,5.6,116505.0,1.3025,12.274286,465.25,18.04,379.0,67.440701,,0.0
1995-02-01,7.47,7.22,7.111579,5.92,7.365789,7.611579,,,,3.77,3.0,150.9,159.4,68.587,5.4,116694.0,1.380526,11.47,481.92,18.57,377.0,66.649939,,0.0
1995-03-01,7.2,7.2,6.775652,5.98,7.047391,7.447826,,,,3.58,3.2,151.4,159.9,68.755,5.4,116908.0,1.496522,12.166522,493.15,18.54,382.0,64.035993,,0.0
1995-04-01,7.06,7.07,6.567895,6.05,6.86,7.360526,,,,3.52,3.3,151.9,160.4,68.915,5.8,117066.0,1.536316,12.442632,507.91,19.9,391.0,62.423831,,0.0
1995-05-01,6.63,6.3,6.170909,6.01,6.414545,6.95,,,,3.33,3.0,152.2,160.7,69.032,5.6,117046.0,1.570455,12.265909,523.81,19.74,385.0,63.013069,,0.0
1995-06-01,6.17,6.21,5.715909,6.0,5.928636,6.573182,,,,3.02,2.9,152.5,161.1,69.092,5.6,117291.0,1.732273,11.896818,539.35,18.45,388.0,63.002994,,0.0
1995-07-01,6.28,6.45,5.78,5.85,6.0085,6.721,,,,3.08,2.9,152.5,161.4,69.201,5.7,117382.0,1.7605,12.514,557.37,17.33,386.0,62.789116,,0.0
1995-08-01,6.49,6.28,5.98087,5.74,6.243913,6.860435,,,,3.17,2.9,152.9,161.8,69.367,5.7,117646.0,1.704783,12.798261,559.11,18.02,384.0,64.566649,,0.0
1995-09-01,6.2,6.17,5.806,5.8,6.0015,6.549,,,,3.12,2.8,153.2,162.2,69.458,5.6,117873.0,1.737,12.057,578.77,18.23,383.0,65.242797,,0.0
1995-10-01,6.04,6.03,5.697143,5.76,5.862857,6.374762,,,,3.07,2.9,153.7,162.7,69.627,5.5,118026.0,1.705238,14.357273,582.92,17.43,383.0,64.179794,,0.0
1995-11-01,5.93,5.76,5.478571,5.8,5.694286,6.262857,,,,3.02,2.8,153.6,163.0,69.672,5.6,118165.0,1.754286,12.469048,595.53,17.99,385.0,64.496593,,0.0
1995-12-01,5.71,5.58,5.3245,5.6,5.5135,6.0625,,,,2.84,2.7,153.5,163.1,69.77,5.6,118325.0,1.779,11.7485,614.57,19.03,387.0,65.28494,,0.0
1996-01-01,5.65,5.6,5.112381,5.56,5.362381,6.051905,,,,2.88,2.8,154.4,163.7,69.849,5.6,118317.0,1.809524,13.473636,614.42,18.86,399.0,66.080612,,0.0
1996-02-01,5.81,6.13,5.0255,5.22,5.3795,6.242,,,,2.87,2.8,154.9,164.0,69.94,5.5,118738.0,1.821,15.033,649.54,19.09,405.0,66.250964,,0.0
1996-03-01,6.27,6.34,5.660952,5.31,5.96619,6.604286,,,,2.96,2.9,155.7,164.4,70.102,5.5,118992.0,1.767619,17.762381,647.07,21.33,396.0,66.310853,,0.0
1996-04-01,6.51,6.66,5.957273,5.22,6.300909,6.794091,,,,3.11,3.0,156.3,164.6,70.197,5.6,119158.0,1.684545,16.575238,647.17,23.5,393.0,66.862255,,0.0
1996-05-01,6.74,6.85,6.095,5.24,6.483182,6.927727,,,,3.27,3.1,156.6,165.0,70.319,5.6,119497.0,1.560909,16.146364,661.23,21.17,392.0,67.49617,,0.0
1996-06-01,6.91,6.73,6.297,5.27,6.6895,7.059,,,,3.36,2.9,156.7,165.4,70.373,5.3,119770.0,1.488,16.395,668.5,20.42,385.0,67.463938,,0.0
1996-07-01,6.87,6.8,6.27,5.4,6.635909,7.033182,,,,3.26,3.0,157.0,165.7,70.505,5.5,120019.0,1.487727,17.978636,644.07,21.3,383.0,66.982817,,0.0
1996-08-01,6.64,6.96,6.029091,5.22,6.389091,6.841818,,,,3.26,3.1,157.3,166.0,70.566,5.1,120198.0,1.54,15.760455,662.68,21.9,387.0,66.526748,,0.0
1996-09-01,6.83,6.72,6.234,5.3,6.597,7.026,,,,3.35,3.2,157.8,166.5,70.78,5.2,120400.0,1.513,16.578,674.88,23.97,383.0,67.103121,,0.0
1996-10-01,6.53,6.37,5.912727,5.24,6.270455,6.808636,,,,3.27,3.0,158.3,166.8,70.948,5.2,120665.0,1.535455,16.381739,701.46,24.88,381.0,67.285561,,0.0
1996-11-01,6.2,6.06,5.701579,5.31,5.973158,6.481579,,,,3.2,3.0,158.6,167.2,71.041,5.4,120947.0,1.583684,15.997,735.67,23.71,378.0,66.499289,,0.0
1996-12-01,6.3,6.43,5.781905,5.29,6.068095,6.552381,,,,3.04,3.0,158.6,167.4,71.068,5.4,121143.0,1.590476,19.260952,743.25,25.23,369.0,67.808711,,0.0
1997-01-01,6.58,6.53,6.008095,5.25,6.333333,6.826667,,,,3.24,3.0,159.1,167.8,71.144,5.3,121356.0,1.517143,19.473333,766.22,25.13,355.0,69.005898,,0.0
1997-02-01,6.42,6.56,5.898421,5.19,6.198947,6.687895,,,,3.24,3.0,159.6,168.1,71.29,5.2,121673.0,1.522105,20.139474,798.39,22.18,347.0,70.977506,,0.0
1997-03-01,6.69,6.92,6.222,5.39,6.537,6.9325,,,,3.26,2.8,160.0,168.4,71.46,5.2,121991.0,1.488,20.17,792.16,20.97,352.0,71.639108,,0.0
1997-04-01,6.89,6.72,6.448182,5.51,6.759091,7.092727,,,,3.37,3.0,160.2,168.9,71.6,5.1,122289.0,1.451364,19.662273,763.93,19.7,344.0,72.400217,,0.0
1997-05-01,6.71,6.67,6.276667,5.5,6.567619,6.935714,,,,3.31,2.9,160.1,169.2,71.652,4.9,122560.0,1.491905,19.924762,833.09,20.82,344.0,71.510875,,0.0
1997-06-01,6.49,6.51,6.094762,5.56,6.375238,6.772381,,,,3.3,2.8,160.3,169.4,71.758,5.0,122816.0,1.526667,20.194286,876.29,19.26,341.0,71.554443,,0.0
1997-07-01,6.22,6.02,5.890909,5.52,6.120909,6.51,,,,3.2,2.7,160.5,169.7,71.807,4.9,123114.0,1.526818,20.529091,925.29,19.66,324.0,72.585521,,0.0
1997-08-01,6.3,6.34,5.939048,5.54,6.16,6.578571,,,,3.14,2.7,160.8,169.8,71.778,4.8,123087.0,1.518095,23.084762,927.24,19.95,324.0,74.130128,,0.0
1997-09-01,6.21,6.12,5.881905,5.54,6.10619,6.495238,,,,3.14,2.8,161.2,170.2,71.927,4.9,123575.0,1.504286,23.812381,937.02,19.8,323.0,73.395695,,0.0
1997-10-01,6.03,5.84,5.771818,5.5,5.928182,6.326364,,,,3.11,2.8,161.6,170.6,72.036,4.7,123924.0,1.542273,23.87087,951.16,21.33,325.0,72.744483,,0.0
1997-11-01,5.88,5.86,5.712778,5.52,5.803889,6.109444,,,,3.09,2.9,161.5,170.8,72.058,4.6,124225.0,1.543889,32.206111,938.92,20.19,306.0,72.757936,,0.0
1997-12-01,5.81,5.75,5.715,5.5,5.773182,5.99,,,,2.99,2.8,161.3,171.2,72.1,4.7,124549.0,1.517273,26.276364,962.37,18.33,289.0,74.369606,,0.0
1998-01-01,5.54,5.53,5.357,5.56,5.416,5.811,,,,2.95,2.3,161.6,171.6,72.21,4.6,124806.0,1.652,23.8665,963.36,16.72,289.0,75.413874,,0.0
1998-02-01,5.57,5.62,5.417895,5.51,5.492632,5.891053,,,,2.91,2.4,161.9,171.9,72.272,4.6,125017.0,1.681579,19.998947,1023.74,16.06,297.0,74.858082,,0.0
1998-03-01,5.65,5.67,5.561364,5.49,5.611818,5.948182,,,,2.94,2.5,162.2,172.2,72.349,4.7,125165.0,1.671818,20.158636,1076.83,15.12,296.0,75.028816,,0.0
1998-04-01,5.64,5.68,5.564286,5.45,5.611905,5.92381,,,,2.93,2.4,162.5,172.5,72.482,4.3,125445.0,1.692857,22.028571,1112.2,15.35,308.0,75.217295,,0.0
1998-05-01,5.65,5.56,5.5935,5.49,5.628,5.9265,,,,2.97,2.6,162.8,172.9,72.552,4.4,125845.0,1.645,20.874,1108.42,14.91,299.0,75.224811,,0.0
1998-06-01,5.5,5.44,5.52,5.56,5.524091,5.703636,,,,2.92,2.7,163.0,173.2,72.461,4.5,126076.0,1.637727,21.662727,1108.39,13.72,292.0,76.277328,,0.0
1998-07-01,5.46,5.5,5.458182,5.54,5.461364,5.676818,,,,2.93,2.6,163.2,173.5,72.665,4.5,126212.0,1.687727,19.93,1156.58,14.17,293.0,76.76878,,0.0
1998-08-01,5.34,5.05,5.268571,5.55,5.274762,5.540476,,,,2.92,2.4,163.4,174.0,72.807,4.5,126546.0,1.801429,31.588095,1074.62,13.47,284.0,77.68902,,0.0
1998-09-01,4.81,4.44,4.66619,5.51,4.62381,5.204762,,,,2.74,2.3,163.6,174.2,72.795,4.6,126744.0,2.281429,38.204762,1020.64,15.03,289.0,74.8092,,0.0
1998-10-01,4.53,4.64,4.091905,5.07,4.184286,5.010476,,,,2.41,2.5,164.0,174.4,72.937,4.5,126949.0,2.652381,36.608182,1032.47,14.46,296.0,72.818884,,0.0
1998-11-01,4.83,4.74,4.54,4.83,4.537368,5.248421,,,,2.54,2.3,164.0,174.8,72.95,4.4,127222.0,2.510526,26.223,1144.43,13.0,294.0,73.697108,,0.0
1998-12-01,4.65,4.65,4.506364,4.68,4.45,5.059091,,,,2.5,2.5,163.9,175.4,73.076,4.4,127595.0,2.581364,25.479091,1190.05,11.35,292.0,73.203317,,0.0
1999-01-01,4.72,4.66,4.615263,4.63,4.600526,5.157895,,,,2.59,2.7,164.3,175.6,73.18,4.3,127699.0,2.565789,28.035263,1248.77,12.52,287.0,72.945913,,0.0
1999-02-01,5.0,5.29,4.876316,4.76,4.914737,5.365263,,,,2.63,2.5,164.5,175.6,73.155,4.4,128117.0,2.39,28.822632,1246.58,12.01,287.0,74.077455,,0.0
1999-03-01,5.23,5.25,5.053043,4.81,5.140435,5.580435,,,,2.79,2.7,165.0,175.7,73.177,4.2,128234.0,2.301304,25.309565,1281.66,14.68,286.0,75.600966,,0.0
1999-04-01,5.18,5.36,4.976818,4.74,5.079545,5.547727,,,,2.8,2.7,166.2,176.3,73.365,4.3,128595.0,2.294545,23.478571,1334.76,17.31,283.0,75.797031,,0.0
1999-05-01,5.54,5.64,5.2545,4.74,5.437,5.8055,,,,2.85,2.8,166.2,176.5,73.435,4.2,128813.0,2.1825,26.2045,1332.07,17.72,276.0,75.707767,,0.0
1999-06-01,5.9,5.81,5.618636,4.76,5.809091,6.041818,,,,2.94,2.5,166.2,176.6,73.474,4.3,129084.0,2.115455,23.626364,1322.55,17.92,261.0,76.639833,,0.0
1999-07-01,5.79,5.92,5.554762,4.99,5.678571,5.983333,,,,3.01,2.7,166.7,177.1,73.606,4.3,129422.0,2.15619,21.049048,1380.99,20.1,256.0,76.966409,,0.0
1999-08-01,5.94,5.98,5.678182,5.07,5.841364,6.068636,,,,3.06,2.8,167.1,177.3,73.642,4.2,129572.0,2.215,24.323636,1327.49,21.28,257.0,75.61705,,0.0
1999-09-01,5.92,5.9,5.661905,5.22,5.801905,6.071429,,,,3.09,2.7,167.9,177.8,73.837,4.2,129771.0,2.287143,24.541429,1318.17,23.8,265.0,75.030219,,0.0
1999-10-01,6.11,6.02,5.8625,5.2,6.0335,6.2635,,,,3.13,2.9,168.2,178.1,73.963,4.1,130178.0,2.266,24.021429,1300.01,22.69,311.0,74.135834,,0.0
1999-11-01,6.03,6.18,5.862,5.42,5.969,6.145,,,,3.15,2.9,168.3,178.4,74.034,4.1,130466.0,2.1165,21.818095,1391.0,25.0,293.0,75.262235,,0.0
1999-12-01,6.28,6.45,6.104545,5.3,6.186364,6.351364,,,,3.22,3.0,168.3,178.7,74.128,4.0,130783.0,1.911818,22.040952,1428.68,26.1,283.0,75.87175,,0.0
2000-01-01,6.66,6.68,6.44,5.45,6.5795,6.6255,,,,3.27,3.0,168.8,179.3,74.306,4.0,131011.0,1.6715,23.202,1425.59,27.26,284.0,75.539057,,0.0
2000-02-01,6.52,6.42,6.6105,5.73,6.678,6.232,,,,3.35,2.9,169.8,179.4,74.415,4.1,131120.0,1.7675,23.5955,1388.87,29.37,300.0,77.219657,,0.0
2000-03-01,6.26,6.03,6.528261,5.85,6.503913,6.053478,,,,3.33,3.2,171.2,180.0,74.568,4.0,131604.0,2.11087,22.718261,1442.21,29.84,286.0,77.890236,,0.0
2000-04-01,5.99,6.23,6.403684,6.02,6.262632,5.846316,,,,3.18,3.2,171.3,180.3,74.617,3.8,131884.0,2.411579,27.164211,1461.36,25.72,280.0,78.60494,,0.0
2000-05-01,6.44,6.29,6.809545,6.27,6.687727,6.148636,,,,3.27,3.0,171.5,180.7,74.697,4.0,132105.0,2.46,26.373182,1418.48,28.79,275.0,81.210653,,0.0
2000-06-01,6.1,6.03,6.481818,6.53,6.300909,5.926364,,,,3.33,2.9,172.4,181.1,74.754,4.0,132063.0,2.385,21.54,1461.96,31.82,286.0,78.969988,,0.0
2000-07-01,6.05,6.04,6.339,6.54,6.179,5.851,,,,3.09,3.0,172.8,181.5,74.925,4.0,132228.0,2.2925,19.893,1473.0,29.7,282.0,79.640972,,0.0
2000-08-01,5.83,5.73,6.228696,6.5,6.06087,5.716087,,,,3.07,2.7,172.8,181.9,75.021,4.1,132234.0,2.42913,18.088696,1485.46,31.26,274.47,81.146006,,0.0
2000-09-01,5.8,5.8,6.0815,6.52,5.9345,5.8265,,,,2.99,2.9,173.7,182.3,75.203,3.9,132337.0,2.547,19.6875,1468.05,33.88,274.0,82.886863,,0.0
2000-10-01,5.74,5.77,5.912381,6.51,5.782857,5.803333,,,,2.96,3.2,174.0,182.6,75.308,3.9,132352.0,2.602857,25.2,1390.14,33.11,270.0,84.150462,,0.0
2000-11-01,5.72,5.48,5.875238,6.51,5.697619,5.775714,,,,2.96,2.9,174.1,183.1,75.441,3.9,132556.0,2.561905,26.382857,1378.04,34.42,266.0,84.798463,,0.0
2000-12-01,5.24,5.12,5.352,6.4,5.168,5.4905,,,,2.88,2.8,174.0,183.3,75.515,3.9,132716.0,2.7825,26.5305,1330.93,28.44,271.0,82.638704,,0.0
2001-01-01,5.16,5.19,4.76,5.98,4.858571,5.540952,,,,2.53,3.0,175.1,183.9,75.796,4.2,132703.0,2.767619,24.918571,1335.63,29.59,265.0,81.145722,,0.0
2001-02-01,5.1,4.92,4.656842,5.49,4.886316,5.454737,,,,2.64,2.8,175.8,184.4,75.93,4.2,132788.0,2.774737,23.411579,1305.75,29.61,262.0,82.306256,,0.0
2001-03-01,4.89,4.93,4.342273,5.31,4.642727,5.339545,,,,2.5,2.8,176.2,184.7,76.009,4.3,132751.0,2.958636,28.496818,1185.85,27.25,263.0,84.037869,,0.0
2001-04-01,5.14,5.35,4.234,4.8,4.7635,5.646,,,,2.59,3.1,176.9,185.1,76.13,4.4,132458.0,2.9275,28.134,1189.84,27.49,260.0,84.926491,,1.0
2001-05-01,5.39,5.43,4.26,4.21,4.927727,5.78,,,,2.76,3.2,177.7,185.3,76.148,4.3,132408.0,2.680455,22.944091,1270.37,28.63,272.0,85.201792,,1.0
2001-06-01,5.28,5.42,4.08,3.97,4.807143,5.669524,,,,2.85,3.0,178.0,186.0,76.318,4.5,132300.0,2.690476,20.940476,1238.71,27.6,270.0,86.106313,,1.0
2001-07-01,5.24,5.07,4.038571,3.77,4.761905,5.613333,,,,2.81,2.6,177.5,186.4,76.515,4.6,132172.0,2.73381,22.31619,1204.45,26.43,268.0,85.962216,,1.0
2001-08-01,4.97,4.85,3.757391,3.65,4.573913,5.483478,,,,2.69,2.7,177.5,186.7,76.553,4.9,132021.0,2.877391,21.861739,1178.5,27.37,272.0,83.948179,,1.0
2001-09-01,4.73,4.6,3.118824,3.07,4.115294,5.482941,,,,2.75,2.8,178.3,187.1,76.118,5.0,131763.0,3.295882,35.065333,1044.64,26.2,283.0,83.618828,,1.0
2001-10-01,4.57,4.3,2.725909,2.49,3.91,5.315455,,,,2.53,1.0,177.7,187.4,76.654,5.3,131452.0,3.34,32.721304,1076.59,22.17,283.0,84.252507,,1.0
2001-11-01,4.65,4.78,2.7825,2.09,3.9725,5.118,,,,2.4,0.4,177.4,188.1,76.81,5.5,131144.0,3.1615,26.630952,1129.68,19.64,276.0,85.370574,,1.0
2001-12-01,5.09,5.07,3.107,1.82,4.3895,5.48,,,,2.64,1.8,176.7,188.4,76.828,5.7,130983.0,2.965789,23.72,1144.93,19.39,276.0,85.488312,,0.0
2002-01-01,5.04,5.07,3.028095,1.73,4.34,5.445238,,,,2.79,1.9,177.1,188.7,76.871,5.7,130859.0,2.83381,22.252857,1140.21,19.72,282.0,86.635078,,0.0
2002-02-01,4.91,4.88,3.015263,1.74,4.298421,5.451579,,,,2.71,2.1,177.8,189.1,77.018,5.7,130737.0,2.978947,22.875789,1100.67,20.72,296.0,87.287539,,0.0
2002-03-01,5.28,5.42,3.5575,1.73,4.738,5.8085,,,,2.7,2.7,178.8,189.2,77.11,5.7,130722.0,2.822,18.985,1153.79,24.53,294.0,86.585929,,0.0
2002-04-01,5.21,5.11,3.422727,1.75,4.646818,5.791818,,,,2.95,2.8,179.8,189.7,77.325,5.9,130616.0,2.821818,19.900455,1111.93,26.18,303.0,85.894453,,0.0
2002-05-01,5.16,5.08,3.264091,1.75,4.494545,5.757273,,,,2.79,2.7,179.8,190.0,77.411,5.8,130632.0,2.923182,20.087727,1079.25,27.04,314.0,83.561483,,0.0
2002-06-01,4.93,4.86,2.993,1.75,4.186,5.677,,,,2.73,2.7,179.9,190.2,77.534,5.8,130674.0,3.0235,25.271,1014.02,25.52,321.0,81.310309,,0.0
2002-07-01,4.65,4.51,2.556818,1.73,3.807273,5.585,,,,2.65,2.6,180.1,190.5,77.692,5.8,130584.0,3.244545,34.049545,903.59,26.97,313.0,79.313886,,0.0
2002-08-01,4.26,4.14,2.133636,1.74,3.294545,5.275909,,,,2.39,2.6,180.7,191.1,77.845,5.7,130581.0,3.324545,33.742727,912.55,28.39,310.0,80.476684,,0.0
2002-09-01,3.87,3.63,2.0045,1.75,2.938,4.963,,,,2.22,2.5,181.0,191.3,77.972,5.7,130502.0,3.526,37.6475,867.81,29.66,319.0,80.534533,,0.0
2002-10-01,3.94,3.93,1.911818,1.75,2.945,5.181818,,,,2.12,2.5,181.3,191.5,78.038,5.7,130617.0,3.792727,35.243043,854.63,28.84,317.0,80.766399,,0.0
2002-11-01,4.05,4.22,1.923158,1.34,3.054737,5.182105,,,,2.19,2.4,181.3,191.9,78.114,5.9,130616.0,3.568947,28.175,909.93,26.35,319.0,79.64827,,0.0
2002-12-01,4.03,3.83,1.83619,1.24,3.033333,5.133333,,,,2.33,2.5,180.9,192.1,78.187,6.0,130465.0,3.41619,28.210476,899.18,29.46,332.0,78.775429,725800.5,0.0
2003-01-01,4.05,4.0,1.743333,1.24,3.052381,5.137619,1.754286,2.110476,2.294286,2.24,2.5,181.7,192.4,78.24,5.8,130573.0,3.299048,27.424286,895.84,32.95,357.0,76.614792,724718.4,0.0
2003-02-01,3.9,3.71,1.627895,1.26,2.897895,5.024737,1.912632,2.171053,1.99,2.25,2.7,183.1,192.5,78.348,5.9,130441.0,3.154211,32.218421,837.03,35.83,359.0,75.735546,721326.0,0.0
2003-03-01,3.81,3.83,1.57381,1.25,2.78381,5.027143,1.862857,2.030476,1.944286,2.08,3.1,184.2,192.5,78.474,5.9,130235.0,3.141905,30.634286,846.63,33.51,341.0,75.230022,723651.25,0.0
2003-04-01,3.96,3.89,1.622381,1.26,2.928571,5.127143,1.774762,1.980952,2.18381,2.12,2.4,183.8,192.5,78.561,6.0,130173.0,2.894286,23.991905,890.03,28.17,328.0,74.928078,736926.4,0.0
2003-05-01,3.57,3.37,1.415238,1.26,2.515714,4.762857,1.660952,1.985238,1.908095,2.12,2.0,183.5,192.9,78.674,6.1,130197.0,2.809048,20.239524,935.96,28.11,356.0,71.296219,738358.0,0.0
2003-06-01,3.33,3.54,1.227143,1.22,2.265714,4.618571,1.612381,1.86619,1.721905,1.98,2.1,183.7,193.0,78.718,6.3,130186.0,2.85619,20.362381,988.0,30.66,356.0,70.385399,738711.75,0.0
2003-07-01,3.98,4.49,1.474091,1.01,2.872273,5.127727,1.865909,2.163636,2.109545,1.97,1.7,183.9,193.4,78.915,6.2,130184.0,2.640909,19.161364,992.54,30.76,351.0,71.928822,741656.2,0.0
2003-08-01,4.45,4.45,1.864286,1.03,3.37,5.445714,2.124762,2.362857,2.320476,2.29,2.5,184.6,193.6,79.004,6.1,130153.0,2.566667,19.274286,989.53,31.57,360.0,72.894276,740216.5,0.0
2003-09-01,4.27,3.96,1.70619,1.01,3.184762,5.275714,2.088095,2.282857,2.18619,2.4,2.8,185.2,193.7,79.114,6.1,130252.0,2.515714,19.532381,1019.44,28.31,379.0,71.614052,743206.75,0.0
2003-10-01,4.29,4.33,1.747727,1.01,3.185909,5.3,2.214091,2.45,2.076364,2.11,2.6,185.0,194.0,79.26,6.0,130439.0,2.442273,18.023478,1038.73,30.34,379.0,68.965326,747068.4,0.0
2003-11-01,4.3,4.34,1.926667,1.0,3.287222,5.246667,2.336111,2.655,1.963889,2.29,2.7,184.5,194.0,79.368,5.8,130480.0,2.357778,17.401053,1049.9,31.11,390.0,68.736321,747801.25,0.0
2003-12-01,4.27,4.27,1.907273,0.98,3.268636,5.213182,2.284091,2.528636,1.983636,2.37,2.6,184.3,194.2,79.467,5.7,130589.0,2.328636,16.826364,1080.64,32.13,407.0,66.835667,759809.6,0.0
2004-01-01,4.15,4.16,1.761,1.0,3.1215,5.131,2.263,2.4905,1.8875,2.32,2.7,185.2,194.6,79.671,5.7,130756.0,2.2915,16.101,1132.52,34.31,414.0,65.338693,759938.25,0.0
2004-02-01,4.08,3.99,1.74,1.01,3.067895,5.076842,2.322105,2.434211,1.762105,2.28,2.6,186.2,194.9,79.8,5.6,130821.0,2.181053,15.998421,1143.36,34.69,405.0,65.720111,753644.25,0.0
2004-03-01,3.83,3.86,1.577826,1.0,2.786957,4.899565,2.361304,2.45087,1.465217,2.17,2.9,187.4,195.5,79.934,5.8,131140.0,2.287826,17.687391,1123.98,36.74,407.0,66.938626,755538.0,0.0
2004-04-01,4.35,4.53,2.070952,1.0,3.389524,5.277619,2.444762,2.515714,1.902857,2.15,3.2,188.0,195.9,80.142,5.6,131412.0,2.111429,15.698571,1133.36,36.75,403.0,67.815306,762182.0,0.0
2004-05-01,4.72,4.66,2.5335,1.0,3.8505,5.5105,2.6255,2.7385,2.09,2.45,3.3,189.1,196.2,80.252,5.6,131697.0,2.0315,17.705,1102.78,40.28,384.0,68.829258,762913.75,0.0
2004-06-01,4.73,4.62,2.763333,1.03,3.929048,5.475714,2.587619,2.653333,2.14619,2.57,3.3,189.7,196.6,80.379,5.6,131794.0,2.05,15.342727,1132.76,38.03,392.0,67.73732,770590.0,0.0
2004-07-01,4.5,4.5,2.638571,1.26,3.688571,5.30619,2.47381,2.55,2.024286,2.5,3.0,189.4,196.8,80.474,5.5,131854.0,2.124286,15.502381,1105.85,40.78,398.0,66.833461,776094.75,0.0
2004-08-01,4.28,4.13,2.508182,1.43,3.474545,5.145909,2.421818,2.492273,1.859545,2.47,2.8,189.5,196.9,80.505,5.4,131939.0,2.181818,16.684091,1088.94,44.9,401.0,67.046128,771095.5,0.0
2004-09-01,4.13,4.14,2.525238,1.61,3.355238,4.98381,2.326667,2.400952,1.799048,2.36,2.8,189.9,197.5,80.656,5.4,132089.0,2.142857,14.080952,1117.66,45.94,405.0,66.700976,786291.4,0.0
2004-10-01,4.1,4.05,2.5845,1.76,3.3475,4.944,2.368,2.363,1.729,2.35,3.1,190.9,197.9,80.831,5.5,132429.0,2.108,14.97381,1117.21,53.28,420.0,65.174191,788387.5,0.0
2004-11-01,4.19,4.36,2.852,1.93,3.525,4.9475,2.518,2.4145,1.676,2.31,2.8,191.0,198.3,81.005,5.4,132503.0,2.009,13.577619,1168.94,48.47,439.0,62.683253,798767.75,0.0
2004-12-01,4.23,4.24,3.011818,2.16,3.598182,4.911364,2.562273,2.45,1.668636,2.35,3.0,190.3,198.6,81.109,5.4,132630.0,1.922727,12.459545,1199.21,43.15,442.0,61.888221,808972.6,0.0
2005-01-01,4.22,4.14,3.2225,2.28,3.707,4.765,2.498,2.418,1.7235,2.37,2.9,190.7,199.0,81.401,5.3,132781.0,1.796,13.438,1181.41,46.84,424.0,62.726622,807094.75,0.0
2005-02-01,4.17,4.36,3.384737,2.5,3.766316,4.558947,2.534211,2.385263,1.631053,2.37,2.9,191.8,199.4,81.536,5.4,133034.0,1.650526,11.708947,1199.63,48.15,423.0,63.279372,800556.75,0.0
2005-03-01,4.5,4.5,3.726818,2.63,4.165455,4.774545,2.710455,2.544091,1.787273,2.47,3.2,193.3,200.1,81.737,5.2,133154.0,1.563182,13.126364,1194.9,54.19,434.0,62.497909,802471.6,0.0
2005-04-01,4.34,4.21,3.65381,2.79,3.998571,4.65,2.635238,2.500476,1.705714,2.52,3.3,194.6,200.2,81.831,5.2,133520.0,1.708095,14.459048,1164.43,52.98,429.0,63.517052,803656.0,0.0
2005-05-01,4.14,4.0,3.64381,3.0,3.852857,4.49,2.490952,2.407143,1.653333,2.4,3.2,194.4,200.5,81.999,5.1,133689.0,1.861905,13.967619,1178.28,49.83,422.0,64.475795,805624.0,0.0
2005-06-01,4.0,3.94,3.640455,3.04,3.772273,4.279545,2.323636,2.265909,1.674545,2.29,3.2,194.5,200.6,82.056,5.0,133948.0,1.86,11.868636,1202.25,56.35,431.0,65.798226,812643.2,0.0
2005-07-01,4.18,4.28,3.871,3.26,3.979,4.378,2.301,2.2925,1.8765,2.36,3.0,195.4,200.9,82.176,5.0,134300.0,1.775,11.049,1222.24,59.0,424.0,66.386333,815370.0,0.0
2005-08-01,4.26,4.02,4.044348,3.5,4.122174,4.441739,2.373478,2.334783,1.88913,2.47,3.1,196.4,201.1,82.243,4.9,134502.0,1.699565,12.951304,1224.27,64.99,438.0,65.164949,815141.8,0.0
2005-09-01,4.2,4.34,3.94619,3.62,4.00619,4.451905,2.5,2.389048,1.699048,2.35,4.3,198.8,201.3,82.425,5.0,134552.0,1.83,12.628095,1225.92,65.59,456.0,64.862641,820696.75,0.0
2005-10-01,4.46,4.57,4.271,3.78,4.3285,4.6405,2.521,2.409,1.9425,2.55,4.6,199.2,202.0,82.662,5.0,134641.0,1.8345,14.937619,1191.96,62.26,470.0,65.82175,819207.25,0.0
2005-11-01,4.54,4.49,4.4165,4.0,4.4525,4.704,2.4715,2.464,2.0635,2.58,3.3,197.6,202.5,82.873,5.0,134997.0,1.855,12.147619,1237.37,58.32,477.0,66.889851,826201.6,0.0
2005-12-01,4.47,4.39,4.404286,4.16,4.392381,4.62,2.34381,2.380476,2.123333,2.57,3.1,196.8,202.8,82.959,4.9,135159.0,1.85381,11.26,1262.07,59.41,510.0,66.309027,840054.25,0.0
2006-01-01,4.42,4.53,4.3955,4.29,4.3455,4.5715,2.41,2.407,2.006,2.45,3.0,198.3,203.2,83.145,4.7,135427.0,1.821,12.036,1278.73,65.49,550.0,65.261944,836539.0,0.0
2006-02-01,4.57,4.55,4.668421,4.49,4.572105,4.574211,2.52,2.447895,2.048947,2.51,3.0,198.7,203.6,83.279,4.8,135733.0,1.701053,12.471053,1276.65,61.63,555.0,65.858239,833804.0,0.0
2006-03-01,4.72,4.86,4.733913,4.59,4.716087,4.734348,2.526522,2.428696,2.197391,2.47,3.0,199.8,204.3,83.509,4.7,136038.0,1.687391,11.693913,1293.74,62.69,557.0,65.813047,838655.6,0.0
2006-04-01,4.99,5.07,4.888947,4.79,4.902105,5.062632,2.581579,2.521053,2.408947,2.63,3.3,201.5,204.8,83.764,4.7,136210.0,1.69,11.847368,1302.17,69.44,611.0,64.881135,838093.75,0.0
2006-05-01,5.11,5.12,4.968182,4.94,4.997727,5.201364,2.664091,2.634091,2.445909,2.66,4.0,202.5,205.4,83.974,4.6,136249.0,1.635455,14.454545,1290.01,70.84,675.0,62.350707,842451.2,0.0
2006-06-01,5.11,5.15,5.121818,4.99,5.067273,5.154091,2.576818,2.538182,2.529545,2.67,3.3,202.9,205.9,84.186,4.6,136337.0,1.673182,16.918636,1253.17,70.95,596.0,62.98288,846038.0,0.0
2006-07-01,5.09,4.99,5.1185,5.24,5.04,5.1345,2.5805,2.5765,2.507,2.72,3.2,203.5,206.3,84.268,4.7,136529.0,1.6745,15.326,1260.24,74.41,634.0,63.276284,846874.0,0.0
2006-08-01,4.88,4.74,4.903478,5.25,4.822174,4.996087,2.585652,2.616522,2.29087,2.62,3.8,203.9,206.8,84.44,4.7,136692.0,1.711739,13.351739,1287.15,73.04,633.0,62.629408,844411.4,0.0
2006-09-01,4.72,4.64,4.769,5.25,4.6675,4.852,2.3995,2.5085,2.3195,2.52,3.1,202.9,207.2,84.573,4.5,136826.0,1.711,12.1845,1317.74,63.8,598.0,62.939353,844410.75,0.0
2006-10-01,4.73,4.61,4.795714,5.25,4.686667,4.854762,2.317619,2.459048,2.411429,2.49,3.1,201.8,207.6,84.726,4.4,136843.0,1.695238,11.306364,1363.38,58.89,586.0,63.514596,849620.75,0.0
2006-11-01,4.6,4.46,4.740476,5.25,4.582381,4.685714,2.303333,2.432381,2.291905,2.38,3.0,201.5,207.8,84.766,4.5,137060.0,1.608571,10.817619,1388.64,59.08,628.0,62.788493,858302.8,0.0
2006-12-01,4.56,4.71,4.6735,5.24,4.533,4.6825,2.314,2.378,2.2505,2.35,2.9,201.8,208.1,84.88,4.4,137249.0,1.654,10.9645,1416.42,61.96,630.0,62.208807,862756.75,0.0
2007-01-01,4.76,4.83,4.87619,5.25,4.752857,4.851905,2.322857,2.365238,2.436667,2.53,3.0,202.416,208.6,85.224,4.6,137472.0,1.583333,11.0425,1424.16,54.51,631.0,63.291113,861258.6,0.0
2007-02-01,4.72,4.56,4.848947,5.26,4.710526,4.821579,2.362105,2.354737,2.360526,2.58,3.0,203.499,209.135,85.408,4.5,137560.0,1.553158,11.155263,1444.8,59.28,665.0,63.039942,867225.0,0.0
2007-03-01,4.56,4.65,4.573636,5.26,4.480909,4.721818,2.387727,2.333636,2.176818,2.46,3.0,205.352,209.418,85.494,4.4,137784.0,1.703182,15.162727,1406.95,60.44,655.0,62.443086,868370.75,0.0
2007-04-01,4.69,4.63,4.66619,5.25,4.593333,4.86619,2.438095,2.399048,2.255714,2.48,3.3,206.686,209.747,85.616,4.5,137847.0,1.699524,12.933,1463.64,63.98,679.0,61.320942,867195.25,0.0
2007-05-01,4.75,4.9,4.766364,5.25,4.667273,4.901364,2.372727,2.367727,2.373636,2.52,3.3,207.949,210.058,85.717,4.4,137992.0,1.639091,13.297727,1511.14,63.46,667.0,60.811876,875321.4,0.0
2007-06-01,5.1,5.03,4.980476,5.25,5.02619,5.203333,2.411905,2.451429,2.690952,2.67,3.4,208.352,210.392,85.859,4.6,138070.0,1.594286,14.947619,1514.19,67.49,656.0,60.601135,867222.25,0.0
2007-07-01,5.0,4.78,4.819048,5.26,4.884762,5.108095,2.367619,2.44619,2.636667,2.64,3.4,208.299,210.773,85.988,4.7,138044.0,1.648095,17.273333,1520.71,74.12,665.0,59.469625,870706.0,0.0
2007-08-01,4.67,4.54,4.313043,5.02,4.432174,4.932174,2.236522,2.42913,2.438261,2.49,3.2,207.917,211.119,86.116,4.6,138013.0,1.977391,25.026087,1454.62,72.36,665.0,59.605745,867258.6,0.0
2007-09-01,4.52,4.59,4.011579,4.94,4.198947,4.793158,2.264211,2.472105,2.257368,2.41,3.1,208.49,211.554,86.351,4.7,138099.0,2.070526,22.198947,1497.12,79.92,713.0,58.390599,878775.5,0.0
2007-10-01,4.53,4.48,3.967727,4.76,4.198182,4.773636,2.325455,2.459545,2.202273,2.45,3.1,208.936,212.077,86.576,4.7,138175.0,1.951818,19.115652,1539.66,85.8,755.0,56.847911,877940.6,0.0
2007-11-01,4.15,3.97,3.3365,4.49,3.667,4.52,2.3805,2.4465,1.768,2.38,3.4,210.177,212.66,86.746,4.7,138290.0,2.2465,25.582381,1463.39,94.77,806.0,55.535309,886426.5,0.0
2007-12-01,4.1,4.04,3.117,4.24,3.4875,4.527,2.3085,2.4015,1.789,2.15,3.4,210.036,213.168,86.92,5.0,138395.0,2.548,21.651,1479.22,91.69,803.0,56.647224,885789.75,0.0
2008-01-01,3.74,3.67,2.475714,3.94,2.980476,4.330476,2.275238,2.427619,1.469048,2.17,3.4,211.08,213.771,87.093,5.0,138391.0,2.796667,25.81619,1378.76,92.97,890.0,56.258702,894807.8,1.0
2008-02-01,3.74,3.53,1.973,2.98,2.779,4.517,2.3325,2.534,1.405,2.07,3.6,211.693,213.939,87.178,4.9,138329.0,3.086,25.456,1354.87,95.39,922.0,55.920523,881700.25,1.0
2008-03-01,3.51,3.45,1.617,2.61,2.4835,4.393,2.419,2.582,1.091,1.94,4.3,213.528,214.42,87.349,5.1,138259.0,3.3825,27.1035,1316.94,105.45,968.0,54.168869,890096.0,1.0
2008-04-01,3.68,3.77,2.047273,2.28,2.841364,4.443182,2.312727,2.399545,1.362273,2.0,4.8,214.823,214.56,87.4,5.0,138040.0,3.292273,21.562727,1370.47,112.58,910.0,54.203414,886510.6,1.0
2008-05-01,3.88,4.06,2.445714,1.98,3.153333,4.59619,2.42,2.479524,1.46,2.22,5.2,216.632,214.936,87.559,5.4,137851.0,3.049048,18.303333,1403.22,125.4,889.0,54.452436,892986.0,1.0
2008-06-01,4.1,3.99,2.77381,2.0,3.485238,4.689048,2.470952,2.425714,1.628571,2.3,5.1,218.815,215.424,87.76,5.6,137700.0,2.974286,22.110476,1341.25,133.88,889.0,54.876104,895391.5,1.0
2008-07-01,4.01,3.99,2.573182,2.01,3.303182,4.570909,2.438636,2.414545,1.569091,2.34,5.1,219.964,215.965,87.918,5.8,137497.0,3.151818,24.321818,1257.33,133.37,940.0,54.445677,905993.4,1.0
2008-08-01,3.89,3.83,2.420476,2.0,3.141905,4.501905,2.209524,2.425238,1.67619,2.35,4.8,219.086,216.393,88.026,6.1,137211.0,3.262857,20.695714,1281.47,116.67,839.0,56.970512,906233.75,1.0
2008-09-01,3.69,3.85,2.07619,1.81,2.884286,4.269048,1.83619,2.341429,1.85,2.21,4.3,218.783,216.713,88.116,6.1,136760.0,3.625714,30.238571,1216.95,104.11,830.0,58.280171,1009474.0,1.0
2008-10-01,3.81,4.01,1.612273,0.97,2.726364,4.173182,1.061818,2.165,2.752273,2.11,3.9,216.573,216.788,87.991,6.5,136291.0,5.063182,61.177391,968.8,76.61,807.0,62.421565,1727614.6,1.0
2008-11-01,3.53,2.93,1.212778,0.39,2.291667,4.004444,0.638333,2.718889,2.888333,2.01,2.9,212.425,216.947,87.952,6.8,135541.0,5.685,62.668947,883.04,57.31,761.0,64.545027,2145077.75,1.0
2008-12-01,2.42,2.25,0.820909,0.16,1.521818,2.87,0.246364,0.732727,2.17,1.58,1.7,210.228,216.925,87.909,7.3,134847.0,6.013636,52.405,877.56,41.12,816.0,62.937282,2222737.4,1.0
2009-01-01,2.52,2.87,0.807,0.15,1.5965,3.128,0.6055,1.2005,1.912,1.62,2.2,211.143,217.346,87.882,7.8,134079.0,5.626,44.683,865.58,41.71,859.0,63.346167,2033836.75,1.0
2009-02-01,2.87,3.02,0.975263,0.22,1.871579,3.586842,1.117895,1.654211,1.752105,1.67,1.9,212.193,217.792,87.952,8.3,133318.0,5.214737,45.570526,805.23,39.09,943.0,64.960457,1881628.5,1.0
2009-03-01,2.82,2.71,0.931364,0.18,1.815909,3.643182,1.110455,1.632273,1.709091,1.63,2.0,212.709,218.253,88.015,8.7,132494.0,5.6,44.795455,757.13,47.94,924.0,65.280984,1984832.25,1.0
2009-04-01,2.93,3.16,0.927143,0.15,1.858095,3.76,1.359524,1.972857,1.567619,1.7,2.8,213.24,218.706,88.211,9.0,131822.0,5.460476,38.06381,848.15,49.65,890.0,64.053465,2123506.2,1.0
2009-05-01,3.29,3.47,0.9295,0.18,2.134,4.227,1.576,2.089,1.717,1.86,2.8,213.856,218.904,88.279,9.4,131466.0,4.7705,31.978,902.41,59.03,929.0,61.386155,2134464.0,1.0
2009-06-01,3.72,3.53,1.184091,0.21,2.705909,4.516364,1.859545,2.193182,1.862273,2.01,3.1,215.693,219.112,88.392,9.5,131008.0,3.773182,29.140455,926.12,69.64,946.0,59.818972,2057022.5,1.0
2009-07-01,3.56,3.52,1.019091,0.16,2.462727,4.406818,1.739545,2.195,1.822727,2.04,2.9,215.351,219.263,88.468,9.5,130662.0,3.525455,26.162727,935.82,64.15,934.0,59.430593,2022073.2,0.0
2009-08-01,3.59,3.4,1.115238,0.16,2.570952,4.370952,1.813333,2.345238,1.77381,2.09,2.8,215.834,219.496,88.599,9.6,130472.0,2.989048,25.337143,1009.73,71.05,949.0,58.454152,2034911.25,0.0
2009-09-01,3.4,3.31,0.95619,0.15,2.369048,4.185714,1.76,2.176667,1.641905,2.07,2.2,215.969,219.92,88.755,9.8,130246.0,2.910952,24.926667,1044.55,69.41,996.59,57.551149,2122220.0,0.0
2009-10-01,3.39,3.41,0.949048,0.12,2.332857,4.188571,1.904286,2.308095,1.483333,1.96,2.9,216.177,220.501,89.082,10.0,130061.0,2.904286,24.252273,1067.66,75.72,1043.0,56.615514,2173382.25,0.0
2009-11-01,3.4,3.21,0.803158,0.12,2.230526,4.314737,2.127368,2.508421,1.275263,2.02,2.7,216.33,220.666,89.16,9.9,130057.0,2.916842,23.789,1088.07,77.99,1127.0,56.28845,2178795.5,0.0
2009-12-01,3.59,3.85,0.874545,0.12,2.340455,4.494091,2.225455,2.542273,1.364545,1.91,2.5,215.949,220.881,89.236,9.9,129808.0,2.777727,21.239545,1110.38,74.47,1135.0,56.964869,2219218.0,0.0
2010-01-01,3.73,3.63,0.928947,0.11,2.484211,4.604737,2.358421,2.650526,1.374737,2.09,2.8,216.687,220.633,89.368,9.8,129802.0,2.514737,20.643158,1123.58,78.33,1118.0,57.407186,2256424.0,0.0
2010-02-01,3.69,3.61,0.856842,0.13,2.363684,4.619474,2.272105,2.596316,1.418947,2.02,2.7,216.741,220.731,89.446,9.8,129706.0,2.650526,22.54,1089.16,76.39,1095.0,58.844059,2267424.75,0.0
2010-03-01,3.73,3.84,0.958696,0.16,2.433043,4.644783,2.21913,2.566522,1.508261,2.01,2.7,217.631,220.783,89.579,9.9,129866.0,2.547391,17.767391,1152.05,81.2,1113.0,58.675729,2298183.4,0.0
2010-04-01,3.85,3.69,1.060455,0.2,2.581364,4.693182,2.345909,2.730909,1.500909,2.06,2.9,218.009,220.822,89.625,9.9,130120.0,2.407727,17.424286,1197.32,84.29,1149.0,58.72869,2328737.0,0.0
2010-05-01,3.42,3.31,0.8305,0.2,2.18,4.286,2.113,2.4555,1.307,2.02,3.2,218.178,220.962,89.724,9.6,130642.0,2.631,31.9295,1125.06,73.74,1205.0,61.30002,2336799.5,0.0
2010-06-01,3.2,2.97,0.724545,0.18,1.996364,4.127727,1.947273,2.242727,1.256818,1.88,2.8,217.965,221.194,89.767,9.4,130510.0,3.026364,29.916364,1083.36,75.34,1233.0,61.7871,2337481.8,0.0
2010-07-01,3.01,2.94,0.616667,0.18,1.762857,3.994286,1.770476,2.118571,1.240952,1.73,2.7,218.011,221.363,89.769,9.4,130415.0,2.999524,25.565238,1079.8,76.32,1193.0,59.991229,2332588.5,0.0
2010-08-01,2.7,2.47,0.520455,0.19,1.465455,3.803182,1.676818,2.017273,1.021818,1.71,2.7,218.312,221.509,89.855,9.5,130415.0,2.964091,24.745909,1087.28,76.6,1216.0,59.379978,2317172.25,0.0
2010-09-01,2.65,2.53,0.48,0.19,1.410476,3.773333,1.738571,2.198095,0.909048,1.58,2.2,218.439,221.711,89.906,9.5,130341.0,3.010476,22.517619,1122.08,75.24,1271.0,58.676508,2301947.8,0.0
2010-10-01,2.54,2.63,0.376,0.19,1.1825,3.8725,2.015,2.523,0.525,1.57,2.7,218.711,221.83,90.043,9.4,130620.0,3.1755,20.373333,1171.58,81.89,1342.0,56.589849,2304649.0,0.0
2010-11-01,2.76,2.81,0.454,0.19,1.35,4.186,2.097,2.6385,0.666,1.55,3.0,218.803,222.149,90.16,9.8,130749.0,3.1575,20.095714,1198.89,84.25,1370.0,56.978081,2318469.75,0.0
2010-12-01,3.29,3.3,0.618182,0.18,1.934545,4.417727,2.246818,2.764091,1.044091,1.69,3.0,219.179,222.343,90.179,9.3,130830.0,2.805455,17.569545,1241.53,89.15,1391.0,57.799121,2392691.8,0.0
2011-01-01,3.39,3.42,0.6145,0.17,1.9945,4.523,2.3335,2.7365,1.0605,1.97,3.4,220.223,222.803,90.372,9.1,130837.0,2.694,17.3155,1282.62,89.17,1360.0,57.112652,2443221.5,0.0
2011-02-01,3.58,3.42,0.772632,0.16,2.257895,4.652105,2.338421,2.665789,1.237895,1.99,3.4,221.309,223.213,90.53,9.0,131057.0,2.571579,17.43,1321.12,88.58,1375.0,56.347385,2502997.25,0.0
2011-03-01,3.41,3.47,0.697391,0.14,2.113478,4.513913,2.450435,2.69913,0.963913,2.05,4.6,223.467,223.454,90.667,9.0,131283.0,2.620435,20.723478,1304.49,102.86,1423.0,55.409062,2585821.0,0.0
2011-04-01,3.46,3.32,0.7345,0.1,2.169,4.5015,2.5915,2.8715,0.8635,2.1,4.6,224.906,223.727,90.875,9.1,131597.0,2.568,16.244,1331.51,109.53,1481.0,54.366125,2672712.75,0.0
2011-05-01,3.17,3.05,0.555238,0.09,1.842381,4.293333,2.39,2.602381,0.778571,2.03,4.1,225.964,224.175,91.091,9.0,131703.0,2.612857,16.911429,1338.31,100.9,1513.0,54.498725,2749065.0,0.0
2011-06-01,3.0,3.18,0.410455,0.09,1.58,4.232727,2.246818,2.538182,0.755455,1.89,3.8,225.722,224.697,91.191,9.1,131931.0,2.749091,19.153182,1287.29,96.26,1529.0,54.449303,2829826.4,0.0
2011-07-01,3.0,2.82,0.4065,0.07,1.541,4.2705,2.3795,2.727,0.6235,1.99,3.4,225.922,225.218,91.326,9.0,131992.0,2.7565,19.2275,1325.19,97.3,1573.0,54.136322,2870763.5,0.0
2011-08-01,2.3,2.23,0.230435,0.1,1.021304,3.651304,2.167826,2.566522,0.135217,1.73,3.5,226.545,225.862,91.508,9.0,132125.0,3.058696,35.02913,1185.31,86.33,1759.0,54.133178,2862173.0,0.0
2011-09-01,1.98,1.92,0.211429,0.08,0.900476,3.182381,1.897619,2.179524,0.077619,1.56,3.3,226.889,226.118,91.57,9.0,132344.0,3.295238,36.53,1173.88,85.52,1772.0,55.886312,2857717.0,0.0
2011-10-01,2.15,2.17,0.2805,0.07,1.0615,3.128,1.966,2.236,0.186,1.59,3.2,226.421,226.506,91.614,8.8,132553.0,3.2195,32.829048,1207.22,86.32,1666.0,56.238077,2854649.5,0.0
2011-11-01,2.01,2.08,0.2535,0.08,0.908,3.0155,2.012,2.263,0.0015,1.61,3.2,226.23,226.899,91.808,8.6,132690.0,3.1245,31.941905,1226.42,97.16,1739.0,56.72081,2825922.2,0.0
2011-12-01,1.98,1.89,0.257143,0.07,0.891429,2.982381,2.009524,2.349524,-0.031429,1.64,3.1,225.672,227.405,91.96,8.5,132888.0,3.272381,25.047619,1243.32,98.56,1640.0,57.554068,2891339.75,0.0
2012-01-01,1.97,1.83,0.2405,0.08,0.835,3.026,2.0745,2.392,-0.108,1.6,3.3,226.665,227.877,92.235,8.3,133246.0,3.262,20.228,1300.58,100.27,1654.0,57.719394,2913951.5,0.0
2012-02-01,1.97,1.98,0.278,0.1,0.831,3.109,2.222,2.4985,-0.2545,1.55,3.3,227.663,228.034,92.364,8.3,133509.0,3.1745,18.4205,1352.49,102.2,1745.0,56.798139,2929930.0,0.0
2012-03-01,2.17,2.23,0.344545,0.13,1.017273,3.281364,2.314091,2.582273,-0.141364,1.58,3.9,229.392,228.478,92.521,8.2,133748.0,3.060455,16.167273,1389.24,106.16,1676.0,57.18961,2887272.5,0.0
2012-04-01,2.05,1.95,0.291905,0.14,0.894762,3.184286,2.266667,2.580952,-0.21381,1.65,3.2,230.085,228.905,92.661,8.2,133825.0,3.140952,17.823,1386.43,103.32,1649.0,57.094651,2868677.25,0.0
2012-05-01,1.8,1.59,0.285,0.16,0.761818,2.930909,2.144545,2.404091,-0.341364,1.56,3.0,229.815,229.224,92.755,8.2,133932.0,3.265455,21.001818,1341.27,94.66,1589.0,58.009273,2856312.6,0.0
2012-06-01,1.62,1.67,0.291905,0.16,0.711429,2.698095,2.122857,2.486667,-0.500476,1.42,3.1,229.478,229.623,92.85,8.2,134013.0,3.398095,21.130952,1323.48,82.3,1599.0,58.96841,2863870.5,0.0
2012-07-01,1.53,1.51,0.248095,0.16,0.619524,2.59,2.128571,2.49,-0.601905,1.49,3.0,229.104,229.97,92.946,8.2,134157.0,3.345238,17.565238,1359.78,87.9,1594.0,59.16914,2858675.25,0.0
2012-08-01,1.68,1.57,0.268696,0.13,0.713913,2.77087,2.263913,2.621739,-0.585652,1.48,3.6,230.379,230.233,93.005,8.1,134339.0,3.22913,15.689565,1403.45,94.13,1630.0,58.40384,2835816.6,0.0
2012-09-01,1.72,1.65,0.255263,0.14,0.668947,2.881579,2.436316,2.733158,-0.713158,1.53,3.3,231.407,230.659,93.119,7.8,134517.0,3.118421,15.284737,1443.42,94.51,1745.0,57.016885,2817912.0,0.0
2012-10-01,1.75,1.72,0.277143,0.16,0.708571,2.900476,2.494762,2.815238,-0.748571,1.5,3.1,231.317,231.024,93.345,7.8,134669.0,2.838095,16.27619,1437.82,89.49,1747.0,57.120862,2826231.2,0.0
2012-11-01,1.65,1.62,0.268,0.16,0.665,2.8035,2.4265,2.805,-0.7725,1.52,3.1,230.221,231.33,93.445,7.7,134825.0,2.8565,16.701905,1394.51,86.53,1722.0,57.77074,2857639.5,0.0
2012-12-01,1.72,1.78,0.257,0.16,0.696,2.8835,2.4765,2.8575,-0.7575,1.53,3.2,229.601,231.725,93.514,7.9,135074.0,2.9085,17.307,1422.29,87.86,1685.0,57.28024,2901149.5,0.0
2013-01-01,1.91,2.02,0.265238,0.14,0.805238,3.080476,2.523333,2.855714,-0.608571,1.49,3.3,230.28,232.229,93.703,8.0,135257.0,2.819524,13.505238,1480.4,94.76,1672.0,57.524067,2966026.0,0.0
2013-02-01,1.98,1.89,0.267368,0.15,0.846316,3.165263,2.554737,2.875789,-0.570526,1.54,3.3,232.166,232.569,93.805,7.7,135546.0,2.862632,14.072632,1512.31,95.31,1628.0,58.286544,3068737.5,0.0
2013-03-01,1.96,1.87,0.256,0.14,0.8185,3.1625,2.5425,2.839,-0.585,1.41,3.2,232.773,232.794,93.891,7.5,135689.0,2.897,13.0315,1550.83,92.94,1593.0,59.607942,3170836.25,0.0
2013-04-01,1.76,1.7,0.232273,0.15,0.710455,2.932727,2.411364,2.732273,-0.652273,1.46,3.1,232.531,232.832,93.937,7.6,135873.0,2.831818,13.967273,1570.7,92.02,1488.0,59.496773,3264238.0,0.0
2013-05-01,1.93,2.16,0.250455,0.11,0.840909,3.112727,2.283182,2.584545,-0.355,1.41,3.1,232.945,232.996,94.047,7.5,136096.0,2.797727,13.493636,1639.84,94.51,1414.0,59.951142,3355983.8,0.0
2013-06-01,2.3,2.52,0.3335,0.09,1.2035,3.4,2.0485,2.304,0.2515,1.55,3.0,233.504,233.35,94.209,7.5,136279.0,2.89,17.2715,1618.77,95.77,1343.0,59.405558,3440056.75,0.0
2013-07-01,2.58,2.6,0.340909,0.09,1.403182,3.605,2.122273,2.386818,0.46,1.63,3.1,233.596,233.88,94.329,7.3,136391.0,2.740455,13.974545,1668.68,104.67,1286.0,60.150088,3536213.8,0.0
2013-08-01,2.74,2.78,0.356364,0.08,1.520455,3.757727,2.184545,2.515909,0.552727,1.76,3.0,233.877,234.336,94.431,7.2,136646.0,2.687273,14.21,1670.09,106.57,1352.0,59.433134,3630451.5,0.0
2013-09-01,2.81,2.64,0.404,0.08,1.596,3.787,2.1455,2.5235,0.664,1.87,3.3,234.149,234.7,94.543,7.2,136821.0,2.656,14.692,1687.17,106.29,1349.0,59.139639,3693106.75,0.0
2013-10-01,2.62,2.57,0.335455,0.09,1.366818,3.675909,2.187273,2.597273,0.428636,1.72,3.0,233.546,234.921,94.703,7.2,137041.0,2.692273,15.407826,1720.03,100.54,1317.0,58.41061,3800415.6,0.0
2013-11-01,2.72,2.75,0.303684,0.08,1.371053,3.8,2.170526,2.587895,0.547895,1.72,2.9,233.069,235.359,94.86,6.9,137317.0,2.665263,12.924,1783.54,93.86,1276.0,59.124156,3897885.75,0.0
2013-12-01,2.9,3.04,0.34,0.09,1.57619,3.889048,2.163333,2.657143,0.738571,1.79,3.0,233.049,235.759,94.961,6.7,137372.0,2.482381,14.192381,1807.78,97.63,1222.0,59.145286,3991804.5,0.0
2014-01-01,2.86,2.67,0.39381,0.07,1.646667,3.769048,2.22619,2.714286,0.631905,1.85,3.1,233.916,235.961,95.064,6.6,137561.0,2.334762,14.240952,1822.36,94.62,1244.0,59.823176,4064681.0,0.0
2014-02-01,2.71,2.66,0.326842,0.07,1.515789,3.662632,2.157368,2.540526,0.552105,1.77,3.2,234.781,236.185,95.109,6.7,137712.0,2.39,15.47,1817.04,100.82,1300.0,59.728426,4134488.75,0.0
2014-03-01,2.72,2.73,0.399048,0.08,1.639524,3.620952,2.167619,2.558095,0.555714,1.75,3.2,236.293,236.625,95.25,6.7,137985.0,2.340952,14.836667,1863.52,100.8,1336.0,59.471109,4200543.75,0.0
2014-04-01,2.71,2.67,0.417143,0.09,1.700952,3.517619,2.162381,2.51619,0.542857,1.87,3.2,237.072,237.072,95.413,6.2,138298.0,2.199048,14.198095,1864.26,102.07,1298.0,59.265151,4271396.8,0.0
2014-05-01,2.56,2.48,0.389048,0.09,1.592857,3.39,2.190952,2.44619,0.368095,1.87,3.3,237.9,237.529,95.574,6.3,138513.0,2.20381,12.475238,1889.77,102.18,1289.0,59.157371,4322501.5,0.0
2014-06-01,2.6,2.53,0.452381,0.1,1.679048,3.42,2.229048,2.487619,0.369524,1.83,3.1,238.343,237.837,95.682,6.1,138849.0,2.2,11.541429,1947.09,105.79,1279.0,59.313692,4352084.25,0.0
2014-07-01,2.54,2.58,0.506364,0.09,1.699545,3.331818,2.262727,2.554545,0.279545,1.88,3.3,238.25,238.195,95.848,6.2,139072.0,2.192273,12.296364,1973.1,103.59,1311.0,59.196891,4395203.2,0.0
2014-08-01,2.42,2.35,0.472381,0.09,1.631429,3.200952,2.19619,2.550952,0.22381,1.88,3.2,237.852,238.405,95.885,6.1,139269.0,2.270476,13.491905,1961.53,96.54,1295.0,60.165905,4417173.5,0.0
2014-09-01,2.53,2.52,0.566667,0.09,1.77381,3.26,2.073333,2.47,0.460952,1.91,3.0,238.031,238.786,96.013,5.9,139563.0,2.268095,13.466667,1993.23,93.21,1237.0,61.714799,4436408.25,0.0
2014-10-01,2.3,2.35,0.445455,0.09,1.545909,3.04,1.92,2.358636,0.384091,1.87,2.9,237.433,239.191,96.096,5.7,139798.0,2.383636,18.058696,1937.27,84.4,1222.0,62.676081,4469678.6,0.0
2014-11-01,2.33,2.18,0.527222,0.09,1.620556,3.038333,1.88,2.282222,0.445556,1.82,2.8,236.151,239.458,96.181,5.8,140089.0,2.459444,13.413158,2044.57,75.79,1175.0,64.073591,4488542.5,0.0
2014-12-01,2.21,2.17,0.635455,0.12,1.64,2.833182,1.696818,2.119091,0.510455,1.85,2.8,234.812,239.584,96.249,5.6,140364.0,2.530455,16.292273,2054.27,59.29,1201.0,65.097607,4496884.8,0.0
2015-01-01,1.88,1.68,0.5515,0.11,1.3745,2.455,1.607,2.0055,0.2745,1.69,2.5,233.707,239.811,96.214,5.7,140568.0,2.573,19.1195,2028.18,47.22,1251.0,67.785746,4507150.25,0.0
2015-02-01,1.98,2.0,0.618947,0.11,1.472632,2.566316,1.715263,2.068421,0.26,1.53,2.8,234.722,240.172,96.324,5.5,140827.0,2.531579,15.904211,2082.2,50.58,1227.0,69.018487,4496402.25,0.0
2015-03-01,2.04,1.94,0.640455,0.11,1.519091,2.626364,1.761818,2.046364,0.280909,1.7,3.0,236.119,240.755,96.47,5.4,140923.0,2.496364,14.812727,2079.99,47.82,1179.0,70.993186,4488338.25,0.0
2015-04-01,1.94,2.05,0.54,0.12,1.354545,2.585909,1.858182,2.098636,0.076818,1.71,2.6,236.599,241.346,96.648,5.4,141196.0,2.549091,13.494762,2094.86,54.45,1199.0,70.379239,4482355.6,0.0
2015-05-01,2.2,2.12,0.609,0.12,1.5385,2.955,1.8655,2.0915,0.332,1.79,2.8,237.805,241.688,96.766,5.6,141538.0,2.691,13.3385,2111.94,59.27,1199.0,68.971008,4479564.0,0.0
2015-06-01,2.36,2.35,0.688636,0.13,1.683636,3.111818,1.865909,2.099091,0.497727,1.82,2.7,238.638,242.064,96.882,5.3,141709.0,2.761818,14.339545,2099.29,59.82,1182.0,69.331243,4479059.25,0.0
2015-07-01,2.32,2.2,0.667727,0.13,1.632273,3.066364,1.820909,2.146364,0.503636,1.88,2.8,238.654,242.565,96.978,5.2,141991.0,2.877273,14.352727,2094.14,50.9,1128.0,70.848211,4488001.4,0.0
2015-08-01,2.17,2.21,0.697619,0.14,1.541429,2.855714,1.611429,1.993333,0.555714,1.82,2.8,238.316,242.817,97.056,5.1,142125.0,3.020952,19.428095,2039.87,42.87,1118.0,70.998148,4484473.0,0.0
2015-09-01,2.17,2.06,0.713333,0.14,1.49,2.952857,1.522857,1.890476,0.65,1.84,2.8,237.945,243.316,97.196,5.0,142275.0,3.168095,24.377143,1944.41,45.48,1125.0,70.908882,4484700.6,0.0
2015-10-01,2.07,2.16,0.644762,0.12,1.385714,2.888095,1.498571,1.822857,0.571429,1.74,2.7,237.838,243.768,97.228,5.0,142579.0,3.271429,16.789545,2024.81,46.22,1159.0,70.544367,4495400.0,0.0
2015-11-01,2.26,2.21,0.884737,0.12,1.671053,3.03,1.570526,1.874737,0.692632,1.8,2.7,237.336,244.241,97.332,5.1,142808.0,3.194737,16.21,2080.62,42.44,1086.0,72.590973,4486380.75,0.0
2015-12-01,2.24,2.27,0.982727,0.24,1.698636,2.97,1.515,1.791364,0.727727,1.81,2.6,236.525,244.547,97.396,5.0,143077.0,3.212273,18.025455,2054.08,37.19,1076.0,72.824684,4486241.6,0.0
2016-01-01,2.09,1.94,0.899474,0.34,1.518421,2.858421,1.42,1.649474,0.665263,1.85,2.5,236.916,244.955,97.567,4.8,143210.0,3.362632,23.717895,1918.6,31.68,1098.0,73.83572,4489872.5,0.0
2016-02-01,1.78,1.74,0.7335,0.38,1.222,2.623,1.3075,1.5315,0.472,1.71,2.5,237.111,245.51,97.736,4.9,143406.0,3.559,22.517,1904.42,30.32,1200.0,72.26431,4485799.5,0.0
2016-03-01,1.89,1.78,0.875,0.36,1.375909,2.684545,1.551818,1.694545,0.337273,1.65,2.7,238.132,245.913,97.876,5.0,143662.0,3.244545,15.849091,2021.95,37.55,1245.0,71.015825,4484319.6,0.0
2016-04-01,1.81,1.83,0.768095,0.37,1.258095,2.623333,1.614762,1.747619,0.190476,1.72,2.8,239.261,246.551,98.117,5.1,143854.0,2.98,14.300476,2075.54,40.75,1242.0,69.426624,4487148.5,0.0
2016-05-01,1.81,1.84,0.81619,0.37,1.300476,2.627619,1.594286,1.668095,0.211905,1.75,2.4,240.229,247.137,98.284,4.8,143900.0,2.870476,14.852857,2065.55,46.71,1261.0,69.658864,4472633.25,0.0
2016-06-01,1.64,1.49,0.731364,0.38,1.166364,2.452273,1.47,1.504091,0.174091,1.72,2.6,241.018,247.54,98.386,4.9,144147.0,2.880909,17.774545,2083.89,48.76,1276.0,69.616865,4469248.6,0.0
2016-07-01,1.5,1.46,0.6725,0.39,1.0715,2.227,1.4655,1.5425,0.0385,1.63,2.7,240.628,247.829,98.529,4.8,144520.0,2.7145,13.1585,2148.9,44.65,1337.0,70.84699,4472069.5,0.0
2016-08-01,1.56,1.58,0.737391,0.4,1.133043,2.261739,1.468261,1.633043,0.088261,1.65,2.5,240.849,248.423,98.703,4.9,144661.0,2.683913,12.399565,2170.95,44.72,1340.0,70.077697,4466789.0,0.0
2016-09-01,1.63,1.6,0.770952,0.4,1.178095,2.350476,1.514762,1.68,0.115714,1.73,2.4,241.428,248.842,98.834,5.0,144967.0,2.680952,14.219524,2157.69,45.18,1327.0,70.271373,4466515.75,0.0
2016-10-01,1.76,1.84,0.843,0.4,1.272,2.5005,1.667,1.8015,0.0975,1.7,2.4,241.729,249.142,98.961,4.9,145065.0,2.612,14.585238,2143.02,49.78,1267.0,71.759167,4459703.25,0.0
2016-11-01,2.14,2.37,0.9795,0.41,1.596,2.862,1.822,1.9825,0.32,1.76,2.4,241.353,249.481,99.005,4.7,145183.0,2.566,15.23619,2164.99,45.66,1238.0,73.03566,4454779.2,0.0
2016-12-01,2.49,2.45,1.196667,0.54,1.959048,3.113333,1.935714,2.060476,0.55619,1.95,2.2,241.432,249.92,99.12,4.7,145408.0,2.335238,12.472381,2246.63,51.97,1157.0,74.26609,4460032.75,0.0
2017-01-01,2.43,2.45,1.2065,0.65,1.9165,3.019,2.0115,2.1375,0.421,1.92,2.6,242.839,250.467,99.385,4.7,145628.0,2.228,11.6085,2275.12,52.5,1192.0,73.662845,4454801.5,0.0
2017-02-01,2.42,2.36,1.201053,0.66,1.901579,3.032105,2.018947,2.151053,0.4,1.92,2.7,243.603,250.998,99.561,4.6,145846.0,2.222105,11.530526,2329.91,53.47,1234.0,73.190261,4458373.75,0.0
2017-03-01,2.48,2.4,1.313043,0.79,2.013478,3.081304,1.996087,2.155652,0.485652,1.89,2.5,243.801,250.944,99.519,4.4,145970.0,2.2,11.897826,2366.82,49.33,1231.0,73.649905,4467057.8,0.0
2017-04-01,2.3,2.29,1.241053,0.9,1.824211,2.941579,1.906316,2.064211,0.391053,1.86,2.5,244.524,251.227,99.723,4.4,146175.0,2.272105,13.136316,2359.31,51.06,1267.0,73.259132,4477134.5,0.0
2017-05-01,2.3,2.21,1.301818,0.91,1.836818,2.959091,1.836818,1.927273,0.466818,1.84,2.6,244.733,251.43,99.803,4.4,146380.0,2.245909,10.862273,2395.35,48.48,1246.0,72.618248,4468515.8,0.0
2017-06-01,2.19,2.31,1.342273,1.04,1.774091,2.796364,1.728636,1.824545,0.458182,1.73,2.6,244.955,251.746,99.937,4.3,146583.0,2.183182,10.513636,2433.99,45.18,1260.0,71.528124,4469079.0,0.0
2017-07-01,2.32,2.3,1.3725,1.15,1.872,2.884,1.772,1.9025,0.546,1.85,2.6,244.786,251.985,100.01,4.3,146772.0,2.0715,10.2645,2454.1,46.63,1237.0,69.737776,4469040.25,0.0
2017-08-01,2.21,2.12,1.335217,1.16,1.776522,2.795217,1.775652,1.936522,0.433478,1.82,2.6,245.519,252.535,100.118,4.4,146919.0,2.10087,11.975652,2456.22,48.04,1283.0,68.739203,4462999.4,0.0
2017-09-01,2.2,2.33,1.3845,1.15,1.7975,2.7765,1.834,1.986,0.368,1.84,2.7,246.819,252.812,100.24,4.3,147008.0,2.1015,10.438,2492.84,49.82,1314.0,67.803374,4459721.25,0.0
2017-10-01,2.36,2.38,1.549524,1.15,1.980952,2.878095,1.861905,1.992381,0.498095,1.89,2.4,246.663,253.526,100.486,4.2,147149.0,1.955714,10.125455,2557.0,51.58,1280.0,69.052016,4462669.25,0.0
2017-11-01,2.35,2.42,1.696667,1.16,2.05,2.801905,1.857619,1.962381,0.495714,1.92,2.5,246.669,253.816,100.535,4.2,147372.0,1.9155,10.540476,2593.61,56.64,1282.0,69.409823,4450387.0,0.0
2017-12-01,2.4,2.4,1.844,1.3,2.182,2.768,1.8995,2.033,0.503,2.01,2.7,246.524,254.344,100.683,4.1,147523.0,1.821,10.2645,2664.34,57.88,1264.0,69.074833,4446506.0,0.0
2018-01-01,2.58,2.72,2.031905,1.41,2.381905,2.877619,2.04381,2.150952,0.54,1.96,2.7,247.867,255.204,101.007,4.0,147660.0,1.672381,11.062381,2789.8,63.7,1331.0,67.174291,4437893.4,0.0
2018-02-01,2.86,2.87,2.175263,1.42,2.599474,3.131053,2.101579,2.237895,0.757368,2.07,2.7,248.991,255.711,101.198,4.1,148054.0,1.65,22.464737,2705.16,62.23,1331.0,66.766984,4415167.25,0.0
2018-03-01,2.84,2.74,2.275714,1.51,2.629524,3.091429,2.090476,2.159524,0.751905,1.97,2.8,249.554,256.271,101.419,4.0,148280.0,1.797619,19.02381,2702.77,62.73,1325.0,67.227979,4399193.75,0.0
2018-04-01,2.87,2.95,2.384286,1.69,2.701905,3.071905,2.127619,2.205714,0.741429,1.98,2.7,250.546,256.63,101.602,4.0,148420.0,1.8,18.267619,2653.63,66.25,1335.0,67.214033,4382144.25,0.0
2018-05-01,2.98,2.83,2.511818,1.7,2.816818,3.131818,2.141818,2.181818,0.835909,2.09,2.8,251.588,257.145,101.78,3.8,148742.0,1.847727,14.124545,2701.49,69.98,1303.0,69.040461,4343353.0,0.0
2018-06-01,2.91,2.85,2.533333,1.82,2.775714,3.05,2.117619,2.167619,0.794762,2.05,3.0,251.989,257.399,101.872,4.0,148960.0,1.922381,13.678095,2754.35,67.87,1282.0,69.907378,4316371.0,0.0
2018-07-01,2.89,2.96,2.606667,1.91,2.777619,3.006667,2.114286,2.18619,0.774762,2.1,2.9,252.006,257.699,102.006,3.8,149020.0,1.902381,13.147619,2793.64,70.98,1238.0,70.137787,4287565.25,0.0
2018-08-01,2.89,2.86,2.635652,1.91,2.767826,3.041739,2.09913,2.215652,0.79,2.14,3.0,252.146,257.891,102.016,3.8,149277.0,1.876957,12.546957,2857.82,68.06,1202.0,70.455896,4238067.8,0.0
2018-09-01,3.0,3.05,2.767895,1.95,2.893684,3.151053,2.123158,2.237895,0.881053,2.14,2.7,252.439,258.368,102.205,3.7,149358.0,1.879474,12.910526,2901.5,70.23,1198.0,70.093942,4205069.0,0.0
2018-10-01,3.15,3.15,2.860909,2.19,3.000455,3.339545,2.111364,2.235455,1.040909,2.17,2.9,252.885,258.917,102.366,3.8,149527.0,1.913182,19.352174,2785.46,70.75,1215.0,70.654458,4167971.4,0.0
2018-11-01,3.12,3.01,2.859,2.2,2.947,3.361,2.004,2.1635,1.113,2.15,2.8,252.038,259.439,102.556,3.8,149617.0,2.107,19.389048,2723.23,56.96,1221.0,71.395627,4122799.0,0.0
2018-12-01,2.83,2.69,2.676316,2.27,2.681579,3.095789,1.816316,2.031053,1.016316,2.09,2.7,251.233,260.063,102.735,3.9,149809.0,2.301053,24.953158,2567.31,49.52,1250.0,71.763818,4083567.0,0.0
2019-01-01,2.71,2.63,2.543333,2.4,2.53619,3.035238,1.79381,1.959524,0.92,1.96,2.7,251.712,260.766,102.87,4.0,150060.0,2.40619,19.572381,2607.39,51.38,1292.0,71.03086,4050343.0,0.0
2019-02-01,2.68,2.73,2.504211,2.4,2.487895,3.023684,1.876842,1.996316,0.799474,1.97,2.6,252.776,261.186,102.963,3.8,150067.0,2.271053,15.234737,2754.86,54.95,1320.0,71.163553,4002697.75,0.0
2019-03-01,2.57,2.41,2.409524,2.41,2.372857,2.977619,1.912857,2.009524,0.658095,1.69,2.5,254.202,261.567,103.058,3.8,150295.0,2.264762,14.485238,2803.98,58.15,1301.0,71.537105,3964764.5,0.0
2019-04-01,2.53,2.51,2.344762,2.42,2.333333,2.940476,1.936667,2.034762,0.595714,1.75,2.5,255.548,261.997,103.265,3.7,150591.0,2.170952,12.949048,2903.8,63.86,1286.0,71.846352,3933098.25,0.0
2019-05-01,2.4,2.14,2.206364,2.39,2.187727,2.817727,1.826364,1.944545,0.568636,1.8,2.9,256.092,262.217,103.371,3.6,150618.0,2.233182,16.721818,2854.71,60.83,1284.0,72.120944,3871707.0,0.0
2019-06-01,2.07,2.0,1.814,2.38,1.825,2.5745,1.7,1.851,0.374,1.64,2.7,256.143,262.739,103.56,3.6,150838.0,2.3865,15.836,2890.17,54.66,1359.0,71.444663,3842108.25,0.0
2019-07-01,2.06,2.02,1.835,2.4,1.828182,2.572727,1.752727,1.925909,0.306364,1.68,2.6,256.571,263.28,103.678,3.7,150937.0,2.22,13.305909,2996.113636,57.35,1413.0,71.5022,3803776.8,0.0
2019-08-01,1.63,1.5,1.571364,2.13,1.486818,2.119091,1.586364,1.792273,0.04,1.66,2.7,256.558,263.877,103.797,3.6,151169.0,2.247273,18.979091,2897.498182,54.81,1500.0,72.02594,3773093.25,0.0
2019-09-01,1.7,1.68,1.648,2.04,1.565,2.158,1.587,1.7805,0.1125,1.56,2.8,256.759,264.388,103.873,3.5,151365.0,2.215,15.559,2982.156,56.95,1511.0,72.287122,3808397.75,0.0
2019-10-01,1.71,1.69,1.551364,1.83,1.525,2.190455,1.560909,1.719545,0.145909,1.64,2.5,257.346,264.97,104.028,3.6,151460.0,2.218182,15.466522,2977.68,53.96,1495.0,71.965049,3970156.0,0.0
2019-11-01,1.81,1.78,1.612632,1.55,1.639474,2.280526,1.640526,1.732632,0.171579,1.68,2.5,257.208,265.548,104.092,3.6,151667.0,2.128947,12.5235,3104.9045,57.03,1471.0,71.967801,4042612.25,0.0
2019-12-01,1.86,1.92,1.613333,1.55,1.682381,2.297619,1.718095,1.814762,0.144762,1.71,2.3,256.974,266.02,104.322,3.6,151794.0,2.015714,13.756667,3176.749524,59.88,1479.0,71.524174,4115957.5,0.0
2020-01-01,1.76,1.51,1.519048,1.55,1.562381,2.21619,1.720952,1.789524,0.036667,1.73,2.5,257.971,266.716,104.507,3.6,152031.0,2.014286,13.940952,3278.202857,57.52,1561.0,71.444262,4159312.4,0.0
2020-02-01,1.5,1.13,1.331053,1.58,1.323684,1.970526,1.615789,1.650526,-0.111579,1.62,2.4,258.678,267.37,104.711,3.5,152293.0,2.106842,19.628947,3277.314211,50.54,1597.0,72.453573,4169900.75,0.0
2020-03-01,0.87,0.7,0.448182,0.65,0.591818,1.455,0.986818,1.299091,-0.116818,1.27,2.2,258.115,267.054,104.632,4.4,150895.0,3.418182,57.736818,2652.393636,29.21,1592.0,73.413091,4618977.0,1.0
2020-04-01,0.66,0.64,0.224762,0.05,0.388095,1.265238,1.103333,1.448095,-0.445714,1.16,2.1,256.389,265.746,104.293,14.8,130426.0,3.469524,41.45381,2761.975238,16.55,1683.0,74.008899,6298340.0,1.0
2020-05-01,0.67,0.65,0.1705,0.05,0.3395,1.378,1.1155,1.466,-0.4415,1.16,3.2,256.394,265.412,104.402,13.2,133040.0,3.28,30.897,2919.615,28.56,1716.0,73.749049,6947555.25,0.0
2020-06-01,0.73,0.66,0.185,0.08,0.344545,1.493636,1.273182,1.532273,-0.544545,1.23,3.0,257.797,265.849,104.565,11.0,137671.0,2.913182,31.119545,3104.660909,38.31,1732.0,71.903155,7127786.25,0.0
2020-07-01,0.62,0.55,0.148182,0.09,0.278636,1.310455,1.456364,1.599545,-0.832727,1.35,3.0,259.101,267.389,104.937,10.2,139255.0,2.689545,26.840455,3207.619091,40.71,1847.0,70.957828,6960429.4,0.0
2020-08-01,0.65,0.72,0.139524,0.1,0.266667,1.358095,1.661429,1.772381,-1.011429,1.34,3.1,259.918,268.422,105.243,8.4,140821.0,2.624286,22.889524,3391.71,42.34,1969.0,69.283729,6975892.25,0.0
2020-09-01,0.68,0.69,0.134762,0.09,0.269524,1.422857,1.65619,1.78,-0.976667,1.35,2.6,260.28,268.933,105.41,7.8,141770.0,2.684762,27.647619,3365.516667,39.63,1922.0,69.491778,7048374.2,0.0
2020-10-01,0.79,0.88,0.149524,0.09,0.335714,1.568571,1.70381,1.846667,-0.916667,1.34,2.6,260.388,269.306,105.507,6.9,142460.0,2.652381,29.438636,3418.701364,39.4,1900.0,69.472703,7137411.5,0.0
2020-11-01,0.87,0.84,0.165789,0.09,0.387895,1.615263,1.712105,1.798947,-0.842105,1.38,2.8,260.229,269.981,105.605,6.7,142733.0,2.425789,24.9955,3548.9925,40.94,1866.0,68.867782,7198114.0,0.0
2020-12-01,0.93,0.93,0.135909,0.09,0.385909,1.670455,1.915909,1.966364,-0.982273,1.42,2.5,260.474,270.341,105.896,6.7,142548.0,2.230455,22.374091,3695.31,47.02,1858.0,67.367691,7319010.8,0.0
2021-01-01,1.08,1.11,0.131053,0.09,0.445263,1.824737,2.081579,2.06,-1.000526,1.38,3.0,261.582,270.387,106.281,6.4,142863.0,2.162632,24.91,3793.748421,52.0,1867.0,67.056036,7372161.25,0.0
2021-02-01,1.26,1.44,0.115263,0.08,0.542632,2.042632,2.18,2.048421,-0.922105,1.43,3.3,263.014,270.793,106.501,6.2,143380.0,2.163158,23.140526,3883.432105,59.04,1808.0,67.236192,7500084.0,0.0
2021-03-01,1.61,1.74,0.146957,0.07,0.823043,2.33913,2.275217,2.053478,-0.664348,1.5,3.1,264.877,271.459,106.933,6.1,144232.0,2.131739,21.843043,3910.508261,62.33,1718.0,67.845128,7647908.2,0.0
2021-04-01,1.64,1.65,0.163182,0.07,0.861818,2.299545,2.349545,2.169545,-0.714545,1.58,3.4,267.054,273.66,107.558,6.1,144587.0,1.972381,17.41619,4141.17619,61.72,1760.0,67.597795,7775974.0,0.0
2021-05-01,1.62,1.58,0.155,0.06,0.8195,2.316,2.468,2.2865,-0.847,1.58,4.6,269.195,275.465,108.099,5.8,145065.0,1.999,19.7605,4167.8495,65.17,1850.0,66.401733,7866893.25,0.0
2021-06-01,1.52,1.45,0.202727,0.08,0.838636,2.163636,2.342727,2.220909,-0.823636,1.6,4.2,271.696,277.651,108.603,5.9,145820.0,1.925909,16.956818,4238.489545,71.38,1835.0,66.917507,8026555.2,0.0
2021-07-01,1.32,1.24,0.219524,0.1,0.764286,1.942857,2.327619,2.158571,-1.009048,1.62,4.7,273.003,278.648,109.058,5.4,146762.0,1.92619,17.603333,4363.712857,72.49,1808.0,68.139297,8190356.75,0.0
2021-08-01,1.28,1.3,0.217273,0.09,0.772273,1.916364,2.348636,2.203636,-1.065455,1.58,4.6,273.567,278.997,109.409,5.1,147314.0,1.956364,17.472727,4454.206364,67.73,1785.0,68.365135,8291893.25,0.0
2021-09-01,1.37,1.52,0.240952,0.08,0.86381,1.935714,2.344286,2.191905,-0.969524,1.64,4.6,274.31,279.698,109.641,4.7,147771.0,1.855238,19.824762,4445.543333,71.65,1775.0,68.568558,8418612.4,0.0
2021-10-01,1.58,1.55,0.3925,0.08,1.106,2.0595,2.535,2.325,-0.9525,1.61,4.8,276.589,281.668,110.188,4.5,148572.0,1.7705,17.871429,4460.707143,81.48,1777.0,68.795091,8516524.5,0.0
2021-11-01,1.56,1.43,0.508,0.08,1.2025,1.9355,2.616,2.2495,-1.0565,1.76,4.9,277.948,283.406,110.77,4.1,149230.0,1.7235,18.500476,4667.386667,79.15,1822.0,69.675004,8648682.25,0.0
2021-12-01,1.47,1.52,0.68,0.08,1.229545,1.847727,2.458182,2.167273,-0.993182,1.76,4.8,278.802,285.18,111.418,3.9,149816.0,1.83381,21.354545,4674.772727,71.71,1790.0,70.469546,8723909.4,0.0
2022-01-01,1.76,1.79,0.9805,0.08,1.5385,2.0995,2.4495,2.102,-0.6855,1.8,4.9,281.148,286.757,111.976,4.0,150006.0,1.821,23.181,4573.8155,83.22,1816.0,70.062324,8820579.5,0.0
2022-02-01,1.93,1.83,1.435263,0.08,1.811579,2.246316,2.457895,2.045263,-0.523684,1.92,4.9,283.716,288.273,112.468,3.9,150825.0,2.033684,25.748421,4435.980526,91.64,1856.0,70.201246,8897595.5,0.0
2022-03-01,2.13,2.32,1.909565,0.2,2.10913,2.406522,2.846522,2.282174,-0.718696,1.95,5.4,287.504,289.056,112.914,3.7,151315.0,2.166087,26.968696,4391.265217,108.5,1948.0,71.408471,8933825.0,0.0
2022-04-01,2.75,2.89,2.538,0.33,2.7775,2.812,2.884,2.4525,-0.1365,2.21,5.4,289.109,290.514,113.307,3.7,151623.0,1.9115,24.3735,4391.296,101.78,1937.0,72.700471,8949532.25,0.0
2022-05-01,2.9,2.85,2.616667,0.77,2.874286,3.065714,2.688571,2.35,0.209524,2.37,5.3,292.296,292.063,113.703,3.6,151924.0,2.218571,29.313636,4040.36,109.55,1849.0,74.436319,8935539.75,0.0
2022-06-01,3.14,2.98,2.998095,1.21,3.19,3.245714,2.617619,2.341905,0.525714,2.4,5.3,296.311,294.05,114.376,3.6,152358.0,2.124286,28.233182,3898.946667,114.84,1837.0,74.775495,8922724.6,0.0
2022-07-01,2.9,2.67,3.036,1.68,2.9635,3.1025,2.362,2.1405,0.534,2.22,5.2,296.276,295.088,114.628,3.5,153072.0,2.3175,24.995238,3911.7295,101.62,1733.0,76.636973,8894233.75,0.0
2022-08-01,2.9,3.15,3.25,2.33,3.027391,3.129565,2.508261,2.332609,0.389565,2.1,4.8,296.171,296.535,115.276,3.6,153362.0,2.254783,22.169565,4158.563043,93.67,1765.0,76.552634,8856209.8,0.0
2022-09-01,3.52,3.83,3.856667,2.56,3.696667,3.558095,2.382381,2.314286,1.136667,2.37,4.7,296.808,298.226,115.788,3.5,153582.0,2.174762,27.341818,3850.520476,84.26,1681.0,79.226362,8816882.25,0.0
2022-10-01,3.98,4.1,4.375,3.08,4.178,4.04,2.3935,2.3165,1.59,2.37,5.0,298.012,299.399,116.204,3.6,153939.0,2.277,30.005714,3726.050952,87.55,1664.0,80.409796,8746258.5,0.0
2022-11-01,3.89,3.68,4.5035,3.78,4.0555,3.999,2.371,2.2975,1.52,2.45,5.0,297.711,300.325,116.539,3.6,154242.0,2.1745,23.299091,3917.488571,84.37,1725.0,78.153294,8637468.4,0.0
2022-12-01,3.62,3.88,4.288571,4.1,3.764286,3.659048,2.259524,2.202381,1.356667,2.22,4.3,296.797,301.394,116.952,3.5,154342.0,1.977619,21.784286,3912.380952,76.44,1798.0,76.178353,8570432.0,0.0
2023-01-01,3.53,3.52,4.2075,4.33,3.643,3.6645,2.237,2.24,1.2945,2.29,3.9,299.17,302.642,117.505,3.5,154776.0,1.9705,20.169048,3960.6565,78.12,1898.0,74.953506,8493903.0,0.0
2023-02-01,3.75,3.92,4.533684,4.57,3.942105,3.802105,2.333684,2.220526,1.413158,2.11,4.2,300.84,304.123,117.929,3.6,155066.0,1.847368,20.1205,4079.684737,76.83,1855.0,75.531426,8408984.0,0.0
2023-03-01,3.66,3.48,4.302609,4.65,3.823478,3.77087,2.302174,2.226522,1.36087,2.26,3.6,301.836,305.147,118.315,3.5,155134.0,2.051304,21.644348,3968.55913,73.28,1913.0,75.948405,8552199.2,0.0
2023-04-01,3.46,3.44,4.016,4.83,3.537,3.6845,2.2665,2.225,1.1935,2.1,4.7,303.363,306.534,118.734,3.4,155375.0,2.069474,17.817895,4121.467368,79.45,2000.0,74.614109,8600803.0,0.0
2023-05-01,3.57,3.64,4.131818,5.06,3.591364,3.855455,2.213636,2.271818,1.36,2.16,4.2,304.127,307.652,119.083,3.6,155655.0,2.192727,17.636087,4146.173182,71.58,1992.0,75.171754,8457176.0,0.0
2023-06-01,3.75,3.81,4.639524,5.08,3.949524,3.867619,2.200476,2.261429,1.547619,1.75,3.3,305.109,308.322,119.39,3.6,155880.0,2.00619,14.003182,4345.372857,70.25,1943.0,75.079914,8370155.5,0.0
2023-07-01,3.9,3.97,4.8285,5.12,4.1415,3.959,2.2965,2.3855,1.603,2.06,3.4,305.691,308.96,119.556,3.5,156043.0,1.842,13.932381,4508.0755,76.07,1951.0,74.030995,8278282.75,0.0
2023-08-01,4.17,4.09,4.901739,5.33,4.306522,4.28,2.335217,2.43087,1.832609,2.14,3.5,307.026,309.58,119.689,3.7,156261.0,1.849565,15.853913,4457.358696,81.39,1919.0,75.378243,8164222.8,0.0
2023-09-01,4.38,4.59,5.022,5.33,4.487,4.473,2.342,2.4305,2.037,2.22,3.2,307.789,310.539,120.058,3.7,156417.0,1.777,15.173333,4515.77,89.43,1916.0,76.649266,8056562.75,0.0
2023-10-01,4.8,4.88,5.067619,5.33,4.772381,4.946667,2.38619,2.462381,2.411905,2.36,4.2,307.671,311.457,120.241,3.9,156576.0,1.831429,18.887727,4269.4,85.64,1916.0,77.548438,7937207.0,0.0
2023-11-01,4.5,4.37,4.882381,5.33,4.48619,4.66,2.304286,2.361429,2.198571,2.38,4.5,307.051,312.392,120.374,3.7,156703.0,1.789048,14.019091,4460.06,77.69,1984.0,76.542643,7829861.0,0.0
2023-12-01,4.02,3.88,4.457,5.33,4.0045,4.1445,2.1845,2.2415,1.8355,2.28,3.1,306.746,313.195,120.592,3.8,156857.0,1.622,12.7185,4685.05,71.9,2026.0,75.12105,7728448.75,0.0
2024-01-01,4.06,3.99,4.322857,5.33,3.98381,4.258095,2.26619,2.307619,1.791905,2.16,2.9,308.417,314.319,121.217,3.7,157032.0,1.619048,13.388636,4804.49,74.15,2034.0,75.285184,7669765.8,0.0
2024-02-01,4.21,4.25,4.544,5.33,4.188,4.377,2.2825,2.248,1.925,2.15,3.0,310.326,315.564,121.537,3.9,157238.0,1.5585,13.980476,5011.96,77.25,2023.0,76.065337,7603666.0,0.0
2024-03-01,4.21,4.2,4.588,5.33,4.201,4.36,2.3115,2.242,1.897,2.22,2.9,312.332,316.792,122.009,3.9,157466.0,1.545,13.7875,5170.57,81.28,2158.0,75.905895,7519978.25,0.0
2024-04-01,4.54,4.69,4.873182,5.33,4.556818,4.659091,2.394091,2.336818,2.145,2.34,3.2,313.548,317.649,122.304,3.9,157530.0,1.463182,16.137727,5112.49,85.35,2331.0,77.051741,7421418.5,0.0
2024-05-01,4.48,4.51,4.856364,5.33,4.499091,4.62,2.334091,2.335,2.148182,2.45,3.3,314.069,318.095,122.383,3.9,157608.0,1.468182,13.058696,5235.23,80.02,2351.0,76.812561,7320807.8,0.0
2024-06-01,4.31,4.36,4.736842,5.33,4.316842,4.444737,2.255263,2.296316,2.05,2.37,3.0,314.175,318.39,122.677,4.1,157695.0,1.514211,12.667,5415.14,79.77,2326.0,77.005383,7249591.5,0.0
2024-07-01,4.25,4.09,4.495909,5.33,4.161818,4.461364,2.274545,2.364545,1.974091,2.37,2.9,314.54,318.94,122.911,4.2,157748.0,1.588182,14.373913,5538.0,81.8,2398.0,76.660754,7207538.4,0.0
2024-08-01,3.87,3.91,3.965455,5.33,3.712273,4.153636,2.11,2.246818,1.760909,2.16,2.8,314.796,319.75,123.128,4.2,157757.0,1.733636,19.312273,5478.21,76.68,2470.0,75.181228,7154033.5,0.0
2024-09-01,3.72,3.81,3.6225,5.13,3.497,4.0445,2.1075,2.248,1.616,2.12,2.7,315.301,320.732,123.466,4.1,157912.0,1.6945,17.663333,5621.26,70.24,2571.0,74.313513,7104191.0,0.0
2024-10-01,4.1,4.28,3.972273,4.83,3.910455,4.375455,2.285909,2.340455,1.809545,2.12,2.7,315.664,321.731,123.832,4.1,157945.0,1.538636,19.96087,5792.32,71.99,2690.0,75.875557,7035189.4,0.0
2024-11-01,4.36,4.18,4.257368,4.64,4.228421,4.536842,2.321053,2.254211,2.034737,2.33,2.6,315.493,322.657,123.962,4.2,158079.0,1.421579,16.015238,5929.92,69.95,2651.0,77.584846,6947569.5,0.0
2024-12-01,4.39,4.58,4.225714,4.48,4.251429,4.580476,2.303333,2.242857,2.088095,2.32,2.8,315.605,323.259,124.196,4.1,158316.0,1.409524,15.86619,6010.91,70.12,2648.0,78.628385,6892151.75,0.0
2025-01-01,4.63,4.58,4.271905,4.33,4.429048,4.85381,2.400476,2.310476,2.228571,2.44,3.3,317.671,324.638,124.587,4.0,158268.0,1.447619,16.763636,5979.52,75.74,2710.0,79.685808,6838012.2,0.0
2025-02-01,4.45,4.24,4.21,4.33,4.280526,4.680526,2.424211,2.241053,2.026842,2.47,4.3,319.082,325.465,125.145,4.2,158310.0,1.471579,16.968,6038.69,71.53,2895.0,78.844982,6793220.25,0.0
2025-03-01,4.28,4.23,3.97,4.33,4.043333,4.598095,2.334286,2.13619,1.94619,2.3,5.0,319.799,325.69,125.267,4.2,158377.0,1.650476,21.841429,5683.98,68.24,2983.0,77.253498,6753142.5,0.0
2025-04-01,4.28,4.17,3.777619,4.33,3.913333,4.710952,2.240952,2.13381,2.038095,2.35,6.5,320.795,326.467,125.502,4.2,158485.0,1.904762,31.96619,5369.5,63.54,3218.0,74.839152,6722837.6,0.0
2025-05-01,4.42,4.41,3.92,4.33,4.023333,4.904762,2.313333,2.242857,2.110476,2.31,6.6,321.465,326.893,125.79,4.3,158498.0,1.862381,20.462273,5810.92,62.17,3309.0,74.409745,6696532.25,0.0
2025-06-01,4.38,4.24,3.889,4.33,3.963,4.891,2.297,2.2685,2.0865,2.35,5.0,322.561,327.658,126.121,4.1,158478.0,1.7645,18.403333,6029.95,68.17,3353.0,73.189282,6673324.0,0.0
2025-07-01,4.39,4.37,3.882273,4.33,3.948636,4.921818,2.383636,2.324545,2.008182,2.34,4.5,323.048,328.682,126.43,4.3,158542.0,1.706818,16.381304,6296.5,68.39,3340.0,73.063938,6656215.2,0.0
2025-08-01,4.26,4.23,3.70381,4.33,3.78619,4.868571,2.381905,2.325238,1.882857,2.28,4.8,323.976,329.7,126.714,4.3,158472.0,1.731429,15.75,6408.95,64.86,3368.0,73.364592,6626564.25,0.0
2025-09-01,4.12,4.16,3.568571,4.22,3.662381,4.742857,2.371429,2.317143,1.749048,2.3,4.7,324.8,330.418,126.954,4.4,158548.0,1.712857,15.789091,6584.02,63.96,3668.0,73.119713,6606256.25,0.0
2025-10-01,4.06,4.11,3.521364,4.09,3.648636,4.636818,2.305,2.251818,1.756818,2.3,4.6,,,127.243,,158408.0,1.673182,18.086522,6735.69,60.89,4058.33,73.935847,6590191.0,0.0
2025-11-01,4.09,4.02,3.55,3.88,3.673333,4.701667,2.266111,2.181667,1.827778,2.31,4.5,324.122,331.043,127.469,4.5,158449.0,1.763333,19.7695,6740.89,60.06,4087.0,74.66509,6565224.0,0.0
2025-12-01,4.14,4.18,3.500909,3.72,3.701818,4.800909,2.244091,2.206818,1.899091,2.35,4.2,324.054,331.814,127.886,4.4,158432.0,1.754545,15.548182,6853.03,57.97,4309.0,73.692403,6570758.8,0.0
2026-01-01,4.21,4.26,3.537,3.64,3.781,4.8385,2.3065,2.2225,1.907,2.33,4.0,325.252,332.793,128.455,4.3,158592.0,1.665,16.179048,6929.12,60.04,4753.0,73.448781,6581862.5,0.0
2026-02-01,4.13,3.97,3.471579,3.64,3.681579,4.762632,2.301053,2.149474,1.824737,2.37,3.4,326.785,333.512,128.961,4.4,158436.0,1.686842,19.207,6893.81,64.51,5020.0,72.809812,6613870.75,0.0
2026-03-01,4.25,4.3,3.714545,3.64,3.848182,4.845,2.336818,2.115455,1.909091,2.19,3.8,330.213,334.165,129.343,4.3,158650.0,1.789545,25.596818,6654.42,91.38,4856.0,74.03373,6647084.5,0.0
2026-04-01,4.32,4.4,3.799091,3.64,3.935455,4.909091,2.382273,2.165909,1.936818,2.42,4.7,333.02,335.423,129.681,4.3,158798.0,1.711429,19.811905,6957.01,100.32,4721.0,73.678232,6696456.0,0.0
2026-05-01,4.48,4.45,3.995,3.63,4.145,5.031,2.445,2.2655,2.039,2.49,4.8,335.123,336.121,130.147,4.3,158861.0,1.619,17.237143,7412.55,102.13,4587.0,73.541836,6714008.25,0.0
2026-06-01,4.47,4.44,4.112857,3.63,4.21,4.947619,2.291429,2.217143,2.179048,2.47,4.6,333.952,336.065,130.338,4.2,158892.0,1.530476,17.906818,7450.03,84.81,4228.0,74.828294,6727240.25,0.0
2026-07-01,4.6,4.75,4.222727,3.63,4.330909,5.099091,2.246364,2.231818,2.353182,2.44,4.2,333.918,336.789,130.658,4.1,158913.0,1.585909,17.09087,7481.34,80.46,4073.0,75.308509,6737753.8,0.0
2026-08-01,4.68,4.75,4.21619,3.63,4.384286,5.22381,2.287143,2.309524,2.397143,2.5,4.0,,337.765,,4.1,159075.0,1.631905,15.229524,7711.32,83.9,4411.0,74.18971,6746283.25,0.0
